learning_rule,seed,initial_validation_loss,best_validation_loss,best_epoch,epochs_executed,relative_improvement_pct,stop_reason
gradient_descent,42,0.29221933114494036,0.2505328240918064,300,300,14.265485753390328,max_epochs_reached
gradient_descent,43,0.549864992091125,0.44580717765625705,300,300,18.924247939323855,max_epochs_reached
gradient_descent,44,0.4514253010022503,0.3768363128167208,300,300,16.522996832461033,max_epochs_reached
gradient_descent,45,0.41572299981267224,0.3611126718401322,300,300,13.136229652231869,max_epochs_reached
gradient_descent,46,0.5279073345681804,0.45317573086259216,300,300,14.156197274038151,max_epochs_reached
gradient_descent,47,0.4651200244573011,0.42046762173759544,300,300,9.60018927841384,max_epochs_reached
gradient_descent,48,0.4570517972051141,0.38359987708547955,300,300,16.07080872863761,max_epochs_reached
gradient_descent,49,0.4629676596548881,0.40584867140525677,300,300,12.337576299003217,max_epochs_reached
gradient_descent,50,0.45787693960511067,0.3788818340152372,300,300,17.252475230135346,max_epochs_reached
gradient_descent,51,0.5992197087238005,0.4603625821981934,300,300,23.172990558227912,max_epochs_reached
gradient_descent,52,0.4435680802475182,0.3868671374321954,300,300,12.782917739185095,max_epochs_reached
gradient_descent,53,0.5690558308858504,0.4585983989715524,300,300,19.41064934566239,max_epochs_reached
gradient_descent,54,0.50362613819959,0.4069578313464085,300,300,19.19445785692546,max_epochs_reached
gradient_descent,55,0.7972371638329011,0.6227012877830248,300,300,21.89259156092961,max_epochs_reached
gradient_descent,56,0.4841253605419141,0.4078378272224187,300,300,15.757805629951227,max_epochs_reached
gradient_descent,57,0.3709724710047677,0.31403258800816797,300,300,15.348816272641418,max_epochs_reached
gradient_descent,58,0.4967285440760826,0.42438198061587584,300,300,14.56460763590135,max_epochs_reached
gradient_descent,59,0.4213890368424666,0.36106694863395894,300,300,14.31505875437824,max_epochs_reached
gradient_descent,60,0.45208593967316313,0.37583108080143773,300,300,16.86733697731322,max_epochs_reached
gradient_descent,61,0.4477091334706438,0.39538439394074876,300,300,11.687217351201518,max_epochs_reached
gradient_descent,62,0.48361892037193766,0.3993587735534164,300,300,17.422839196142103,max_epochs_reached
gradient_descent,63,0.550053912771657,0.457205792542786,300,300,16.879821790744167,max_epochs_reached
gradient_descent,64,0.4154998661076106,0.3683310117381375,300,300,11.352315179147809,max_epochs_reached
gradient_descent,65,0.6298863553656033,0.5044520107482778,300,300,19.913805649039652,max_epochs_reached
gradient_descent,66,0.5093889850305413,0.4472214936734504,300,300,12.204325806802352,max_epochs_reached
gradient_descent,67,0.3755302123633545,0.31358700132017986,300,300,16.494867524331113,max_epochs_reached
gradient_descent,68,0.43123244258348964,0.36759456102324406,300,300,14.75721102498564,max_epochs_reached
gradient_descent,69,0.4487633683681534,0.367493483544201,300,300,18.109741247258114,max_epochs_reached
gradient_descent,70,0.4253695390624951,0.3626705259943677,300,300,14.739892566429313,max_epochs_reached
gradient_descent,71,0.33320099275752607,0.2861739654929213,300,300,14.113711629552927,max_epochs_reached
chl,42,0.29221933114494036,0.18026156900797247,300,300,38.31292122198343,max_epochs_reached
chl,43,0.549864992091125,0.26276968328484196,300,300,52.21196347024488,max_epochs_reached
chl,44,0.4514253010022503,0.20688194889317468,300,300,54.1713881712307,max_epochs_reached
chl,45,0.41572299981267224,0.2257274793790885,300,300,45.70243179213011,max_epochs_reached
chl,46,0.5279073345681804,0.32630441831837786,300,300,38.189072787691124,max_epochs_reached
chl,47,0.4651200244573011,0.3566917821594225,300,300,23.3118843731555,max_epochs_reached
chl,48,0.4570517972051141,0.2672485450897183,300,300,41.527733459544095,max_epochs_reached
chl,49,0.4629676596548881,0.17291356606975875,300,300,62.65104862861168,max_epochs_reached
chl,50,0.45787693960511067,0.43340919567276,295,300,5.343737981967934,max_epochs_reached
chl,51,0.5992197087238005,0.43314741882038366,300,300,27.714757623228447,max_epochs_reached
chl,52,0.4435680802475182,0.2708711782515638,300,300,38.93357292517232,max_epochs_reached
chl,53,0.5690558308858504,0.21223063664999262,300,300,62.70477778610708,max_epochs_reached
chl,54,0.50362613819959,0.34547558363318176,298,300,31.40237223027774,max_epochs_reached
chl,55,0.7972371638329011,0.3144688376076967,300,300,60.55517079813296,max_epochs_reached
chl,56,0.4841253605419141,0.33453882622926084,300,300,30.898305791130408,max_epochs_reached
chl,57,0.3709724710047677,0.2359808890488857,300,300,36.38857125712358,max_epochs_reached
chl,58,0.4967285440760826,0.3358371039620722,300,300,32.39021433996091,max_epochs_reached
chl,59,0.4213890368424666,0.2630930233821305,300,300,37.56528993883484,max_epochs_reached
chl,60,0.45208593967316313,0.17476812431936503,300,300,61.3418359248876,max_epochs_reached
chl,61,0.4477091334706438,0.3883881002029677,299,300,13.249904644075293,max_epochs_reached
chl,62,0.48361892037193766,0.3372832518646888,299,300,30.258466396373862,max_epochs_reached
chl,63,0.550053912771657,0.2632851690767225,300,300,52.13466117347308,max_epochs_reached
chl,64,0.4154998661076106,0.2248624656937726,298,300,45.88145892794696,max_epochs_reached
chl,65,0.6298863553656033,0.30829934102502815,300,300,51.05476751499361,max_epochs_reached
chl,66,0.5093889850305413,0.30006657074152465,300,300,41.09284268808175,max_epochs_reached
chl,67,0.3755302123633545,0.2581221632774713,299,300,31.26460807160886,max_epochs_reached
chl,68,0.43123244258348964,0.2630470121296769,300,300,39.00110795148508,max_epochs_reached
chl,69,0.4487633683681534,0.2755809581296138,300,300,38.5910309186523,max_epochs_reached
chl,70,0.4253695390624951,0.31456977274145514,300,300,26.04788452065471,max_epochs_reached
chl,71,0.33320099275752607,0.2647560139377357,300,300,20.541649126957594,max_epochs_reached
qpc,42,0.29221933114494036,0.2837848427144346,300,300,2.8863553952637955,max_epochs_reached
qpc,43,0.549864992091125,0.5204140566388421,300,300,5.356030275773993,max_epochs_reached
qpc,44,0.4514253010022503,0.4279699114648455,300,300,5.195851779979854,max_epochs_reached
qpc,45,0.41572299981267224,0.40001702078067114,300,300,3.77799136422049,max_epochs_reached
qpc,46,0.5279073345681804,0.5030674151224728,300,300,4.7053560007887185,max_epochs_reached
qpc,47,0.4651200244573011,0.4567210674872006,300,300,1.805761207529255,max_epochs_reached
qpc,48,0.4570517972051141,0.44020382678285475,300,300,3.6862278029066275,max_epochs_reached
qpc,49,0.4629676596548881,0.4521830668746076,300,300,2.32944840862529,max_epochs_reached
qpc,50,0.45787693960511067,0.42353310500135355,300,300,7.500669204563226,max_epochs_reached
qpc,51,0.5992197087238005,0.5570950658502695,300,300,7.029916115951318,max_epochs_reached
qpc,52,0.4435680802475182,0.42523077261215464,300,300,4.134045809863296,max_epochs_reached
qpc,53,0.5690558308858504,0.5366337764401071,300,300,5.697517306038636,max_epochs_reached
qpc,54,0.50362613819959,0.4677972349378815,300,300,7.114186604728867,max_epochs_reached
qpc,55,0.7972371638329011,0.7200828885498898,300,300,9.6777068083573,max_epochs_reached
qpc,56,0.4841253605419141,0.454387979179119,300,300,6.142496094298389,max_epochs_reached
qpc,57,0.3709724710047677,0.3590129003503147,300,300,3.223843166060514,max_epochs_reached
qpc,58,0.4967285440760826,0.4776313535286759,300,300,3.8445929421929037,max_epochs_reached
qpc,59,0.4213890368424666,0.41024381023623735,300,300,2.644878160509856,max_epochs_reached
qpc,60,0.45208593967316313,0.42909181954229886,300,300,5.08622766447635,max_epochs_reached
qpc,61,0.4477091334706438,0.42705272010023004,300,300,4.613802092953767,max_epochs_reached
qpc,62,0.48361892037193766,0.4541963133064122,300,300,6.083841186961292,max_epochs_reached
qpc,63,0.550053912771657,0.5135091000699594,300,300,6.643860147735814,max_epochs_reached
qpc,64,0.4154998661076106,0.4017151750898424,300,300,3.3176162358132033,max_epochs_reached
qpc,65,0.6298863553656033,0.5773351454919274,300,300,8.342966858390465,max_epochs_reached
qpc,66,0.5093889850305413,0.4917601979198943,300,300,3.460771164808374,max_epochs_reached
qpc,67,0.3755302123633545,0.36312731671804466,300,300,3.3027690547862143,max_epochs_reached
qpc,68,0.43123244258348964,0.41476241775148137,300,300,3.819291687178561,max_epochs_reached
qpc,69,0.4487633683681534,0.41888915929915377,300,300,6.657007049758046,max_epochs_reached
qpc,70,0.4253695390624951,0.40910083640797473,300,300,3.824604528659059,max_epochs_reached
qpc,71,0.33320099275752607,0.31807280324459314,300,300,4.540259435523919,max_epochs_reached
hebbian,42,0.29221933114494036,0.2670887234464758,300,300,8.59991281206507,max_epochs_reached
hebbian,43,0.549864992091125,0.48432383342053886,300,300,11.919500170639076,max_epochs_reached
hebbian,44,0.4514253010022503,0.4022531111962671,300,300,10.892652604276176,max_epochs_reached
hebbian,45,0.41572299981267224,0.38072811401128137,300,300,8.417837314067256,max_epochs_reached
hebbian,46,0.5279073345681804,0.4793297171212904,300,300,9.201921296779425,max_epochs_reached
hebbian,47,0.4651200244573011,0.4388020804810631,300,300,5.658312390859887,max_epochs_reached
hebbian,48,0.4570517972051141,0.4129110959312411,300,300,9.657702156253345,max_epochs_reached
hebbian,49,0.4629676596548881,0.4291145979775374,300,300,7.3121871412326955,max_epochs_reached
hebbian,50,0.45787693960511067,0.4022109956248322,300,300,12.157402822751184,max_epochs_reached
hebbian,51,0.5992197087238005,0.5108241052910049,300,300,14.751785054109423,max_epochs_reached
hebbian,52,0.4435680802475182,0.4063060552886927,300,300,8.400519924254402,max_epochs_reached
hebbian,53,0.5690558308858504,0.4992036471092455,300,300,12.275102017295191,max_epochs_reached
hebbian,54,0.50362613819959,0.438346083543624,300,300,12.962006874650168,max_epochs_reached
hebbian,55,0.7972371638329011,0.6731644362718989,300,300,15.562837909423843,max_epochs_reached
hebbian,56,0.4841253605419141,0.4317476518593917,300,300,10.819038404410897,max_epochs_reached
hebbian,57,0.3709724710047677,0.33625100311475775,300,300,9.359580724674233,max_epochs_reached
hebbian,58,0.4967285440760826,0.4517913572098773,300,300,9.046628667130186,max_epochs_reached
hebbian,59,0.4213890368424666,0.3863357373046738,300,300,8.318512460706762,max_epochs_reached
hebbian,60,0.45208593967316313,0.4029562392463851,300,300,10.867336520639526,max_epochs_reached
hebbian,61,0.4477091334706438,0.41111283244708613,300,300,8.174124289103268,max_epochs_reached
hebbian,62,0.48361892037193766,0.42731343819891987,300,300,11.642530885622682,max_epochs_reached
hebbian,63,0.550053912771657,0.4864893777025708,300,300,11.55605543260152,max_epochs_reached
hebbian,64,0.4154998661076106,0.38487581732513604,300,300,7.37041122765204,max_epochs_reached
hebbian,65,0.6298863553656033,0.5427009835952452,300,300,13.841444734860675,max_epochs_reached
hebbian,66,0.5093889850305413,0.46947426829627453,300,300,7.835802875060915,max_epochs_reached
hebbian,67,0.3755302123633545,0.33809779832899234,300,300,9.967883488996987,max_epochs_reached
hebbian,68,0.43123244258348964,0.3912253671313473,300,300,9.277380712003524,max_epochs_reached
hebbian,69,0.4487633683681534,0.39400368085396076,300,300,12.202352369650027,max_epochs_reached
hebbian,70,0.4253695390624951,0.38628758717694495,300,300,9.187764589746106,max_epochs_reached
hebbian,71,0.33320099275752607,0.3022118416977127,300,300,9.300437793822692,max_epochs_reached
anti_hebbian,42,0.29221933114494036,0.2672066569437423,300,300,8.559554942240222,max_epochs_reached
anti_hebbian,43,0.549864992091125,0.4846394282026238,300,300,11.862105212490393,max_epochs_reached
anti_hebbian,44,0.4514253010022503,0.4025273737954951,300,300,10.831897790884227,max_epochs_reached
anti_hebbian,45,0.41572299981267224,0.38084723555665845,300,300,8.389183247433763,max_epochs_reached
anti_hebbian,46,0.5279073345681804,0.47951642024506314,300,300,9.166554649728486,max_epochs_reached
anti_hebbian,47,0.4651200244573011,0.4389248780783009,300,300,5.631911120052191,max_epochs_reached
anti_hebbian,48,0.4570517972051141,0.413143836095844,300,300,9.606780101898437,max_epochs_reached
anti_hebbian,49,0.4629676596548881,0.42930263342900105,300,300,7.271571895752316,max_epochs_reached
anti_hebbian,50,0.45787693960511067,0.4025408836157262,300,300,12.085355518692042,max_epochs_reached
anti_hebbian,51,0.5992197087238005,0.5113232627473279,300,300,14.668483812668931,max_epochs_reached
anti_hebbian,52,0.4435680802475182,0.4065322684809896,300,300,8.349521396098202,max_epochs_reached
anti_hebbian,53,0.5690558308858504,0.49958170405234487,300,300,12.208666191040528,max_epochs_reached
anti_hebbian,54,0.50362613819959,0.4386886113107424,300,300,12.893994565292498,max_epochs_reached
anti_hebbian,55,0.7972371638329011,0.6737504503842265,300,300,15.489332290404501,max_epochs_reached
anti_hebbian,56,0.4841253605419141,0.432036031057565,300,300,10.759471353874538,max_epochs_reached
anti_hebbian,57,0.3709724710047677,0.3365164527422911,300,300,9.288025650300558,max_epochs_reached
anti_hebbian,58,0.4967285440760826,0.4519814828480519,300,300,9.008353105872025,max_epochs_reached
anti_hebbian,59,0.4213890368424666,0.3865503591363914,300,300,8.267580468425761,max_epochs_reached
anti_hebbian,60,0.45208593967316313,0.4031946358464301,300,300,10.814603936162914,max_epochs_reached
anti_hebbian,61,0.4477091334706438,0.4113384848745284,300,300,8.123722720188864,max_epochs_reached
anti_hebbian,62,0.48361892037193766,0.427645511157375,300,300,11.5738667071824,max_epochs_reached
anti_hebbian,63,0.550053912771657,0.4869193617855587,300,300,11.477884171020758,max_epochs_reached
anti_hebbian,64,0.4154998661076106,0.3849646534301725,300,300,7.349030690067604,max_epochs_reached
anti_hebbian,65,0.6298863553656033,0.5431469174829459,300,300,13.77064880732518,max_epochs_reached
anti_hebbian,66,0.5093889850305413,0.4696958804866163,300,300,7.792297381841717,max_epochs_reached
anti_hebbian,67,0.3755302123633545,0.3384304589290683,300,300,9.879299244873884,max_epochs_reached
anti_hebbian,68,0.43123244258348964,0.39147081897285024,300,300,9.220462025637433,max_epochs_reached
anti_hebbian,69,0.4487633683681534,0.39432170544758605,300,300,12.131485490568128,max_epochs_reached
anti_hebbian,70,0.4253695390624951,0.3864968599655837,300,300,9.138566711331963,max_epochs_reached
anti_hebbian,71,0.33320099275752607,0.30238811180005204,300,300,9.24753575986399,max_epochs_reached
