learning_rule,tutor_snr,practice_snr,seed,initial_validation_loss,best_validation_loss,best_epoch,final_validation_loss,acquisition_epoch,acquisition_threshold,stability,stop_reason,epochs_executed
gradient_descent,20.0,3.0,42,0.29221933114494036,0.22557448150166712,500,0.22557448150166712,,nan,0.00015357959491937233,max_epochs_reached,500
gradient_descent,20.0,3.0,43,0.549864992091125,0.3731453756904274,500,0.3731453756904274,,nan,0.00026170483213757166,max_epochs_reached,500
gradient_descent,20.0,3.0,44,0.4514253010022503,0.32828257030937735,500,0.32828257030937735,,nan,9.558837615475938e-05,max_epochs_reached,500
gradient_descent,20.0,3.0,45,0.41572299981267224,0.3262513422956013,500,0.3262513422956013,,nan,0.00038551387466530365,max_epochs_reached,500
gradient_descent,20.0,3.0,46,0.5279073345681804,0.40715952183186854,500,0.40715952183186854,,nan,0.0008763221872144647,max_epochs_reached,500
gradient_descent,20.0,3.0,47,0.4651200244573011,0.39217612980422295,500,0.39217612980422295,,nan,0.00011516667232268052,max_epochs_reached,500
gradient_descent,20.0,3.0,48,0.4570517972051141,0.33195189139567854,500,0.33195189139567854,,nan,0.0005318251761927187,max_epochs_reached,500
gradient_descent,20.0,3.0,49,0.4629676596548881,0.3663326826691715,500,0.3663326826691715,,nan,7.52057407693123e-05,max_epochs_reached,500
gradient_descent,20.0,3.0,50,0.45787693960511067,0.33062501631660524,500,0.33062501631660524,,nan,0.00038115326641449156,max_epochs_reached,500
gradient_descent,20.0,3.0,51,0.5992197087238005,0.3753149618617359,500,0.3753149618617359,,nan,0.00016422607558209856,max_epochs_reached,500
gradient_descent,20.0,3.0,52,0.4435680802475182,0.3497278730890992,500,0.3497278730890992,,nan,0.0005517339396405798,max_epochs_reached,500
gradient_descent,20.0,3.0,53,0.5690558308858504,0.37782518158030315,500,0.37782518158030315,,nan,0.00050135089361794,max_epochs_reached,500
gradient_descent,20.0,3.0,54,0.50362613819959,0.3441777794328578,500,0.3441777794328578,,nan,0.0006516886961274326,max_epochs_reached,500
gradient_descent,20.0,3.0,55,0.7972371638329011,0.5049423405350582,500,0.5049423405350582,,nan,0.0009123279491210949,max_epochs_reached,500
gradient_descent,20.0,3.0,56,0.4841253605419141,0.3604065565888031,500,0.3604065565888031,,nan,0.0004051743030130366,max_epochs_reached,500
gradient_descent,20.0,3.0,57,0.3709724710047677,0.2771869801000754,500,0.2771869801000754,,nan,0.00010820145232483787,max_epochs_reached,500
gradient_descent,20.0,3.0,58,0.4967285440760826,0.37824236955898083,500,0.37824236955898083,,nan,0.00010646797577818098,max_epochs_reached,500
gradient_descent,20.0,3.0,59,0.4213890368424666,0.32025119530152835,500,0.32025119530152835,,nan,6.229469632139322e-05,max_epochs_reached,500
gradient_descent,20.0,3.0,60,0.45208593967316313,0.3260643097344673,500,0.3260643097344673,,nan,0.0008000996035987636,max_epochs_reached,500
gradient_descent,20.0,3.0,61,0.4477091334706438,0.36295568382826776,500,0.36295568382826776,,nan,0.0003108049502494554,max_epochs_reached,500
gradient_descent,20.0,3.0,62,0.48361892037193766,0.34617739245091966,500,0.34617739245091966,,nan,0.0002735935956457776,max_epochs_reached,500
gradient_descent,20.0,3.0,63,0.550053912771657,0.39132378034418763,500,0.39132378034418763,,nan,0.0005172484718560152,max_epochs_reached,500
gradient_descent,20.0,3.0,64,0.4154998661076106,0.33598416534278924,500,0.33598416534278924,,nan,0.0002195169253861234,max_epochs_reached,500
gradient_descent,20.0,3.0,65,0.6298863553656033,0.4197622680939896,500,0.4197622680939896,,nan,0.00048015762290389095,max_epochs_reached,500
gradient_descent,20.0,3.0,66,0.5093889850305413,0.4068223978366856,500,0.4068223978366856,,nan,0.00018563093627582087,max_epochs_reached,500
gradient_descent,20.0,3.0,67,0.3755302123633545,0.2760382889372704,500,0.2760382889372704,,nan,0.00014505364484994327,max_epochs_reached,500
gradient_descent,20.0,3.0,68,0.43123244258348964,0.32891985724799033,500,0.32891985724799033,,nan,2.34828354094564e-05,max_epochs_reached,500
gradient_descent,20.0,3.0,69,0.4487633683681534,0.3161802466218451,500,0.3161802466218451,,nan,0.00047583650599629303,max_epochs_reached,500
gradient_descent,20.0,3.0,70,0.4253695390624951,0.3235713971005407,500,0.3235713971005407,,nan,5.852735916908418e-05,max_epochs_reached,500
gradient_descent,20.0,3.0,71,0.33320099275752607,0.2588856131314278,500,0.2588856131314278,,nan,0.00021659356710591846,max_epochs_reached,500
chl,20.0,3.0,42,0.29221933114494036,0.13628547000211083,499,0.13621303573204685,,nan,2.547823871882224e-05,max_epochs_reached,500
chl,20.0,3.0,43,0.549864992091125,0.21544727469586838,500,0.21544727469586838,,nan,5.380104459651755e-07,max_epochs_reached,500
chl,20.0,3.0,44,0.4514253010022503,0.1516162690211525,495,0.1518578843149278,,nan,1.932153254347928e-05,max_epochs_reached,500
chl,20.0,3.0,45,0.41572299981267224,0.16603526146238398,500,0.16603526146238398,,nan,1.7112336592494882e-05,max_epochs_reached,500
chl,20.0,3.0,46,0.5279073345681804,0.28400680139930684,464,0.284286660583818,,nan,6.111536827903788e-06,validation_patience_exceeded,484
chl,20.0,3.0,47,0.4651200244573011,0.2916164317787084,500,0.2916164317787084,,nan,8.025918857509903e-06,max_epochs_reached,500
chl,20.0,3.0,48,0.4570517972051141,0.23072802680617754,485,0.23092758295640842,,nan,6.234681707642285e-06,max_epochs_reached,500
chl,20.0,3.0,49,0.4629676596548881,0.15955846647064226,376,0.16240842937031869,,nan,3.963713459288225e-05,validation_patience_exceeded,396
chl,20.0,3.0,50,0.45787693960511067,0.45792873722471744,1,0.45863524842547554,,nan,,validation_patience_exceeded,21
chl,20.0,3.0,51,0.5992197087238005,0.41524188882594765,382,0.4172650163540778,,nan,5.82859598042097e-06,validation_patience_exceeded,402
chl,20.0,3.0,52,0.4435680802475182,0.22702859147726295,500,0.22702859147726295,,nan,1.9093750712084586e-05,max_epochs_reached,500
chl,20.0,3.0,53,0.5690558308858504,0.17790779438286175,495,0.17787464687915414,,nan,2.026251204929502e-06,max_epochs_reached,500
chl,20.0,3.0,54,0.50362613819959,0.3343011908014029,379,0.33561651734755593,,nan,9.820076335705697e-06,validation_patience_exceeded,399
chl,20.0,3.0,55,0.7972371638329011,0.2506896861009946,499,0.2507586607263438,,nan,1.48785130235393e-06,max_epochs_reached,500
chl,20.0,3.0,56,0.4841253605419141,0.2787169629545076,459,0.2797147707736355,,nan,1.143707585950193e-05,validation_patience_exceeded,479
chl,20.0,3.0,57,0.3709724710047677,0.19458547651906466,500,0.19458547651906466,,nan,9.445399839937601e-06,max_epochs_reached,500
chl,20.0,3.0,58,0.4967285440760826,0.2544544173485697,498,0.25491328543663666,,nan,1.886100400625967e-05,max_epochs_reached,500
chl,20.0,3.0,59,0.4213890368424666,0.23629591926299282,499,0.2364752104070432,,nan,2.360972968032249e-06,max_epochs_reached,500
chl,20.0,3.0,60,0.45208593967316313,0.15604789193358265,396,0.15751264726188952,,nan,2.051768909375171e-05,validation_patience_exceeded,416
chl,20.0,3.0,61,0.4477091334706438,0.39125779306898095,220,0.39126472767091447,,nan,0.0003499862003672852,validation_patience_exceeded,240
chl,20.0,3.0,62,0.48361892037193766,0.28112413222152605,496,0.28249471358372885,,nan,1.875204262048835e-06,max_epochs_reached,500
chl,20.0,3.0,63,0.550053912771657,0.2512127870954412,359,0.2525165689884718,,nan,2.8840149653454517e-05,validation_patience_exceeded,379
chl,20.0,3.0,64,0.4154998661076106,0.2050221133193527,434,0.20534705943586612,,nan,2.3802667375811805e-06,validation_patience_exceeded,454
chl,20.0,3.0,65,0.6298863553656033,0.2660190939260137,496,0.26647450320458294,,nan,7.333387137219134e-06,max_epochs_reached,500
chl,20.0,3.0,66,0.5093889850305413,0.23168462936629158,500,0.23168462936629158,,nan,1.9290837289390456e-05,max_epochs_reached,500
chl,20.0,3.0,67,0.3755302123633545,0.23419614259044017,464,0.2345585400474522,,nan,5.872859137757232e-06,validation_patience_exceeded,484
chl,20.0,3.0,68,0.43123244258348964,0.2232393667707139,498,0.22340333795290399,,nan,4.46363356973228e-06,max_epochs_reached,500
chl,20.0,3.0,69,0.4487633683681534,0.22688983248753528,498,0.2272494364279851,,nan,1.21860260689455e-05,max_epochs_reached,500
chl,20.0,3.0,70,0.4253695390624951,0.30871581174719465,368,0.31033466472910876,,nan,3.60389555909493e-05,validation_patience_exceeded,388
chl,20.0,3.0,71,0.33320099275752607,0.2377338983909463,498,0.23775191185233144,,nan,1.3060354754961898e-05,max_epochs_reached,500
qpc,20.0,3.0,42,0.29221933114494036,0.2779671586553375,499,0.27793378724775175,,nan,0.00020159825808561727,max_epochs_reached,500
qpc,20.0,3.0,43,0.549864992091125,0.5101136486278773,498,0.5100614627000387,,nan,0.0005533610376331039,max_epochs_reached,500
qpc,20.0,3.0,44,0.4514253010022503,0.42005142321136246,496,0.41999592635233723,,nan,0.00013776722869571128,max_epochs_reached,500
qpc,20.0,3.0,45,0.41572299981267224,0.3914728595775897,498,0.39141231245784286,,nan,0.0009323233310006892,max_epochs_reached,500
qpc,20.0,3.0,46,0.5279073345681804,0.48545360374817254,500,0.48545360374817254,,nan,0.0015877919865535557,max_epochs_reached,500
qpc,20.0,3.0,47,0.4651200244573011,0.449992250361782,498,0.4499731451655903,,nan,0.00031727868599825077,max_epochs_reached,500
qpc,20.0,3.0,48,0.4570517972051141,0.4326754445282744,499,0.4326680265043846,,nan,0.001213895440311817,max_epochs_reached,500
qpc,20.0,3.0,49,0.4629676596548881,0.4504142716864985,412,0.450360478105588,,nan,0.0012072678848057481,validation_patience_exceeded,432
qpc,20.0,3.0,50,0.45787693960511067,0.40579078194354395,498,0.4057163716533829,,nan,0.00044980893846530417,max_epochs_reached,500
qpc,20.0,3.0,51,0.5992197087238005,0.5389814415449202,500,0.5389814415449202,,nan,0.0026661636567944054,max_epochs_reached,500
qpc,20.0,3.0,52,0.4435680802475182,0.41643098426054587,499,0.4163929967270998,,nan,0.0009617538355263215,max_epochs_reached,500
qpc,20.0,3.0,53,0.5690558308858504,0.5305635006292971,481,0.5305686412189108,,nan,0.0010545348140263962,max_epochs_reached,500
qpc,20.0,3.0,54,0.50362613819959,0.4518570545963477,499,0.45179924677954314,,nan,0.0009964329945078123,max_epochs_reached,500
qpc,20.0,3.0,55,0.7972371638329011,0.7030127131578664,498,0.7029341056323339,,nan,0.0006920595080250052,max_epochs_reached,500
qpc,20.0,3.0,56,0.4841253605419141,0.439548367033653,499,0.43950739302024866,,nan,0.0007314114686733248,max_epochs_reached,500
qpc,20.0,3.0,57,0.3709724710047677,0.3572884361001225,428,0.35719417819186594,,nan,0.0004891714847375518,validation_patience_exceeded,448
qpc,20.0,3.0,58,0.4967285440760826,0.4657946464874736,500,0.4657946464874736,,nan,0.00019413598039111192,max_epochs_reached,500
qpc,20.0,3.0,59,0.4213890368424666,0.40618749706968194,494,0.4061207303733042,,nan,1.8991123991435966e-05,max_epochs_reached,500
qpc,20.0,3.0,60,0.45208593967316313,0.41924152287377536,499,0.4192010921006044,,nan,0.0009969275622550191,max_epochs_reached,500
qpc,20.0,3.0,61,0.4477091334706438,0.41941504173073335,497,0.41934303594923333,,nan,0.0006673233245424202,max_epochs_reached,500
qpc,20.0,3.0,62,0.48361892037193766,0.4403867367491438,500,0.4403867367491438,,nan,0.0009879672014008005,max_epochs_reached,500
qpc,20.0,3.0,63,0.550053912771657,0.502321320655725,500,0.502321320655725,,nan,0.0006423946739650192,max_epochs_reached,500
qpc,20.0,3.0,64,0.4154998661076106,0.397109440213269,498,0.39709951117126013,,nan,0.0004485985702316751,max_epochs_reached,500
qpc,20.0,3.0,65,0.6298863553656033,0.5581598766645898,500,0.5581598766645898,,nan,0.001237628633903628,max_epochs_reached,500
qpc,20.0,3.0,66,0.5093889850305413,0.48472776961736713,499,0.4847028812765368,,nan,0.00022855741312454916,max_epochs_reached,500
qpc,20.0,3.0,67,0.3755302123633545,0.360973688279834,435,0.36089102286275615,,nan,0.00017491370192781257,validation_patience_exceeded,455
qpc,20.0,3.0,68,0.43123244258348964,0.40664226878971194,498,0.4065876064041307,,nan,8.340767731273939e-05,max_epochs_reached,500
qpc,20.0,3.0,69,0.4487633683681534,0.4043525105296625,500,0.4043525105296625,,nan,0.0012457775290684032,max_epochs_reached,500
qpc,20.0,3.0,70,0.4253695390624951,0.398771324432935,499,0.3987309127065677,,nan,4.3370706712473176e-05,max_epochs_reached,500
qpc,20.0,3.0,71,0.33320099275752607,0.30872684546166057,498,0.3086315379848462,,nan,0.0003586682755866503,max_epochs_reached,500
hebbian,20.0,3.0,42,0.29221933114494036,0.25267125684542585,500,0.25267125684542585,,nan,0.0001731057100257952,max_epochs_reached,500
hebbian,20.0,3.0,43,0.549864992091125,0.4467638068224542,500,0.4467638068224542,,nan,0.00034441314042939973,max_epochs_reached,500
hebbian,20.0,3.0,44,0.4514253010022503,0.37428289064655745,500,0.37428289064655745,,nan,0.00011107400827066799,max_epochs_reached,500
hebbian,20.0,3.0,45,0.41572299981267224,0.36036289715675174,500,0.36036289715675174,,nan,0.0006343241091470858,max_epochs_reached,500
hebbian,20.0,3.0,46,0.5279073345681804,0.45197604833800475,499,0.45188783328064974,,nan,0.0012390701005989253,max_epochs_reached,500
hebbian,20.0,3.0,47,0.4651200244573011,0.42321945333396743,500,0.42321945333396743,,nan,0.00020391219362900825,max_epochs_reached,500
hebbian,20.0,3.0,48,0.4570517972051141,0.38681634359328176,500,0.38681634359328176,,nan,0.0008509664208946053,max_epochs_reached,500
hebbian,20.0,3.0,49,0.4629676596548881,0.40965020474056335,500,0.40965020474056335,,nan,0.00010175013208958911,max_epochs_reached,500
hebbian,20.0,3.0,50,0.45787693960511067,0.37185632853587447,500,0.37185632853587447,,nan,0.00040215322378550096,max_epochs_reached,500
hebbian,20.0,3.0,51,0.5992197087238005,0.46377673459120705,500,0.46377673459120705,,nan,0.0009632165183098732,max_epochs_reached,500
hebbian,20.0,3.0,52,0.4435680802475182,0.3847395340362891,500,0.3847395340362891,,nan,0.0007554008038452588,max_epochs_reached,500
hebbian,20.0,3.0,53,0.5690558308858504,0.4594918442237297,500,0.4594918442237297,,nan,0.0007265165544050663,max_epochs_reached,500
hebbian,20.0,3.0,54,0.50362613819959,0.4019148930367162,500,0.4019148930367162,,nan,0.0008118394522702698,max_epochs_reached,500
hebbian,20.0,3.0,55,0.7972371638329011,0.6070289585393611,500,0.6070289585393611,,nan,0.0008023480099705313,max_epochs_reached,500
hebbian,20.0,3.0,56,0.4841253605419141,0.4029988348454915,500,0.4029988348454915,,nan,0.0005607104265199424,max_epochs_reached,500
hebbian,20.0,3.0,57,0.3709724710047677,0.3170417968054541,499,0.3169505535879573,,nan,0.00017385008422863128,max_epochs_reached,500
hebbian,20.0,3.0,58,0.4967285440760826,0.42615756383806536,500,0.42615756383806536,,nan,0.0001422631235460297,max_epochs_reached,500
hebbian,20.0,3.0,59,0.4213890368424666,0.36672440195371603,499,0.3666302908437326,,nan,3.3450419581354456e-05,max_epochs_reached,500
hebbian,20.0,3.0,60,0.45208593967316313,0.37537970765779743,500,0.37537970765779743,,nan,0.0008936507744582249,max_epochs_reached,500
hebbian,20.0,3.0,61,0.4477091334706438,0.3912077278948723,499,0.3911307496436757,,nan,0.0004560371685947796,max_epochs_reached,500
hebbian,20.0,3.0,62,0.48361892037193766,0.3959443434807715,500,0.3959443434807715,,nan,0.0006038792378648645,max_epochs_reached,500
hebbian,20.0,3.0,63,0.550053912771657,0.4508385929848704,500,0.4508385929848704,,nan,0.0005579789219214626,max_epochs_reached,500
hebbian,20.0,3.0,64,0.4154998661076106,0.36650029465024575,500,0.36650029465024575,,nan,0.00031253212846265547,max_epochs_reached,500
hebbian,20.0,3.0,65,0.6298863553656033,0.4950788190972845,500,0.4950788190972845,,nan,0.0007947787161539327,max_epochs_reached,500
hebbian,20.0,3.0,66,0.5093889850305413,0.44668150666458917,500,0.44668150666458917,,nan,0.00019993709037119555,max_epochs_reached,500
hebbian,20.0,3.0,67,0.3755302123633545,0.31823683843537015,500,0.31823683843537015,,nan,0.00019884186841825032,max_epochs_reached,500
hebbian,20.0,3.0,68,0.43123244258348964,0.36914850610935385,500,0.36914850610935385,,nan,3.532416242950649e-05,max_epochs_reached,500
hebbian,20.0,3.0,69,0.4487633683681534,0.36390775649680707,500,0.36390775649680707,,nan,0.0008305104911833009,max_epochs_reached,500
hebbian,20.0,3.0,70,0.4253695390624951,0.3639585940950936,499,0.36386820311198076,,nan,4.441924009216737e-05,max_epochs_reached,500
hebbian,20.0,3.0,71,0.33320099275752607,0.2850787494359471,500,0.2850787494359471,,nan,0.0002873550258557264,max_epochs_reached,500
anti_hebbian,20.0,3.0,42,0.29221933114494036,0.25309271205558975,499,0.25302138666184437,,nan,0.00017326597600688076,max_epochs_reached,500
anti_hebbian,20.0,3.0,43,0.549864992091125,0.44749342762070465,500,0.44749342762070465,,nan,0.00034707367713688166,max_epochs_reached,500
anti_hebbian,20.0,3.0,44,0.4514253010022503,0.37491127145736186,500,0.37491127145736186,,nan,0.0001110325227073766,max_epochs_reached,500
anti_hebbian,20.0,3.0,45,0.41572299981267224,0.36067908488712974,500,0.36067908488712974,,nan,0.0006393145729562247,max_epochs_reached,500
anti_hebbian,20.0,3.0,46,0.5279073345681804,0.4525145975204289,499,0.45242795734015145,,nan,0.0012456547863770198,max_epochs_reached,500
anti_hebbian,20.0,3.0,47,0.4651200244573011,0.4235501904663876,500,0.4235501904663876,,nan,0.00020530484395263714,max_epochs_reached,500
anti_hebbian,20.0,3.0,48,0.4570517972051141,0.3874009024935917,500,0.3874009024935917,,nan,0.0008580401152337699,max_epochs_reached,500
anti_hebbian,20.0,3.0,49,0.4629676596548881,0.4100986708866859,500,0.4100986708866859,,nan,0.00010303947832251171,max_epochs_reached,500
anti_hebbian,20.0,3.0,50,0.45787693960511067,0.3726196084902722,500,0.3726196084902722,,nan,0.00040136466643811837,max_epochs_reached,500
anti_hebbian,20.0,3.0,51,0.5992197087238005,0.4648394420667471,500,0.4648394420667471,,nan,0.000989161940510705,max_epochs_reached,500
anti_hebbian,20.0,3.0,52,0.4435680802475182,0.38528589629303506,500,0.38528589629303506,,nan,0.0007585271944854741,max_epochs_reached,500
anti_hebbian,20.0,3.0,53,0.5690558308858504,0.4603853529464263,500,0.4603853529464263,,nan,0.000728079860115612,max_epochs_reached,500
anti_hebbian,20.0,3.0,54,0.50362613819959,0.4027425649257692,500,0.4027425649257692,,nan,0.0008129185190462208,max_epochs_reached,500
anti_hebbian,20.0,3.0,55,0.7972371638329011,0.6081608444485739,500,0.6081608444485739,,nan,0.0007974255233531826,max_epochs_reached,500
anti_hebbian,20.0,3.0,56,0.4841253605419141,0.4036925991584817,500,0.4036925991584817,,nan,0.00056403967086074,max_epochs_reached,500
anti_hebbian,20.0,3.0,57,0.3709724710047677,0.31760373582604196,499,0.31751421536501323,,nan,0.00017592151935601127,max_epochs_reached,500
anti_hebbian,20.0,3.0,58,0.4967285440760826,0.4266862669635378,500,0.4266862669635378,,nan,0.00014262737899869567,max_epochs_reached,500
anti_hebbian,20.0,3.0,59,0.4213890368424666,0.36723339776524416,499,0.36714114074565135,,nan,3.2737342569286274e-05,max_epochs_reached,500
anti_hebbian,20.0,3.0,60,0.45208593967316313,0.3759675443191129,500,0.3759675443191129,,nan,0.000893368354073421,max_epochs_reached,500
anti_hebbian,20.0,3.0,61,0.4477091334706438,0.39170752342202897,499,0.3916315783921332,,nan,0.0004596027447989325,max_epochs_reached,500
anti_hebbian,20.0,3.0,62,0.48361892037193766,0.3967201566621581,500,0.3967201566621581,,nan,0.0006101316206572154,max_epochs_reached,500
anti_hebbian,20.0,3.0,63,0.550053912771657,0.4518196044884495,500,0.4518196044884495,,nan,0.0005585614561536551,max_epochs_reached,500
anti_hebbian,20.0,3.0,64,0.4154998661076106,0.3667374343821761,500,0.3667374343821761,,nan,0.00031430074461235826,max_epochs_reached,500
anti_hebbian,20.0,3.0,65,0.6298863553656033,0.49608725599489384,500,0.49608725599489384,,nan,0.0008025868677368033,max_epochs_reached,500
anti_hebbian,20.0,3.0,66,0.5093889850305413,0.44721236431701533,500,0.44721236431701533,,nan,0.00019980994853588456,max_epochs_reached,500
anti_hebbian,20.0,3.0,67,0.3755302123633545,0.31897546892636325,500,0.31897546892636325,,nan,0.000198925142294298,max_epochs_reached,500
anti_hebbian,20.0,3.0,68,0.43123244258348964,0.3697598635372809,500,0.3697598635372809,,nan,3.616014216668249e-05,max_epochs_reached,500
anti_hebbian,20.0,3.0,69,0.4487633683681534,0.36465036980849364,500,0.36465036980849364,,nan,0.0008383296202095714,max_epochs_reached,500
anti_hebbian,20.0,3.0,70,0.4253695390624951,0.36451049526671403,499,0.36442184604107625,,nan,4.4201062969041906e-05,max_epochs_reached,500
anti_hebbian,20.0,3.0,71,0.33320099275752607,0.28562440672655065,499,0.285524799286732,,nan,0.0002878562640399861,max_epochs_reached,500
