learning_rule,seed,initial_loss,final_loss,improvement_pct
gradient_descent,42,0.40258709978027546,0.09433280988726218,76.56834758521889
gradient_descent,43,0.38316876859405213,0.1855671346377293,51.57039147041541
gradient_descent,44,0.4439462774597136,0.0994033606939849,77.60914647989016
gradient_descent,45,0.5241948819023889,0.1323346166181411,74.75469120608787
gradient_descent,46,0.41650369051155334,0.17314698820801894,58.42846242362022
gradient_descent,47,0.3307438250337732,0.11556772963846285,65.05823513812786
gradient_descent,48,0.41724759903601094,0.14264731568419853,65.81231000159998
gradient_descent,49,0.38228945068690284,0.1612124658316626,57.82973724700122
gradient_descent,50,0.4789846924176953,0.14521587939580588,69.6825636195548
gradient_descent,51,0.42268096454110643,0.11307080222535384,73.24913783422637
chl,42,0.40258709978027546,0.06581718686545654,83.65144166284057
chl,43,0.38316876859405213,0.14762178329146178,61.47343014590535
chl,44,0.4439462774597136,0.07790386119772236,82.45196206092936
chl,45,0.5241948819023889,0.09398951061403477,82.06973897323616
chl,46,0.41650369051155334,0.1922441616907374,53.843347353147934
chl,47,0.3307438250337732,0.1576468048416784,52.33567706802066
chl,48,0.41724759903601094,0.1360696376216425,67.3887547978679
chl,49,0.38228945068690284,0.1420376646989853,62.845518116241486
chl,50,0.4789846924176953,0.12436254269904903,74.03621771891626
chl,51,0.42268096454110643,0.10713957136135402,74.65237842502023
qpc,42,0.40258709978027546,0.168725001770013,58.08981413907699
qpc,43,0.38316876859405213,0.2061629489237814,46.19526281323816
qpc,44,0.4439462774597136,0.15257544717703297,65.63200213096086
qpc,45,0.5241948819023889,0.23805424791406116,54.58668977268084
qpc,46,0.41650369051155334,0.20219396055548267,51.45446123006825
qpc,47,0.3307438250337732,0.15391374077799125,53.4643645237293
qpc,48,0.41724759903601094,0.2210615911764771,47.01908610445996
qpc,49,0.38228945068690284,0.1917691742557064,49.83665546848521
qpc,50,0.4789846924176953,0.2106003096588625,56.031933171841345
qpc,51,0.42268096454110643,0.2061836599640482,51.220027098240315
hebbian,42,0.40258709978027546,0.12299849453703185,69.44797918160762
hebbian,43,0.38316876859405213,0.19809372577435413,48.30118161738166
hebbian,44,0.4439462774597136,0.12639620203488294,71.52894202466808
hebbian,45,0.5241948819023889,0.1703011462681704,67.51186397506979
hebbian,46,0.41650369051155334,0.18166867781585258,56.38245663736483
hebbian,47,0.3307438250337732,0.12909021595614034,60.96972756998302
hebbian,48,0.41724759903601094,0.16017660288101732,61.61113850598979
hebbian,49,0.38228945068690284,0.1756697389428313,54.04797631031002
hebbian,50,0.4789846924176953,0.1736571381107121,63.74474156278974
hebbian,51,0.42268096454110643,0.14722848194484645,65.16794123797638
anti_hebbian,42,0.40258709978027546,0.12124614033450754,69.88325249351472
anti_hebbian,43,0.38316876859405213,0.1964829623122164,48.72156125010802
anti_hebbian,44,0.4439462774597136,0.12133850239687052,72.66820141140128
anti_hebbian,45,0.5241948819023889,0.16873610796039148,67.81042436965036
anti_hebbian,46,0.41650369051155334,0.18125095213162917,56.48275003061431
anti_hebbian,47,0.3307438250337732,0.1281566087361056,61.25200259656574
anti_hebbian,48,0.41724759903601094,0.1631442994499014,60.89988298870449
anti_hebbian,49,0.38228945068690284,0.17342558033949051,54.63500757662104
anti_hebbian,50,0.4789846924176953,0.17229764354833754,64.02856995728654
anti_hebbian,51,0.42268096454110643,0.14077066529979398,66.69576415568537
