learning_rule,seed,initial_validation_loss,best_validation_loss,relative_improvement_pct
gradient_descent,42,11.270407155254274,0.05004513927292195,99.5559597929025
gradient_descent,43,22.95808242403233,0.10499505312592272,99.54266627679664
gradient_descent,44,23.126731423044465,0.05060662059567405,99.78117694338229
gradient_descent,45,17.369327589522733,0.05112325901554279,99.70566932570043
gradient_descent,46,20.168414307754595,0.23124681100805056,98.85342096071908
gradient_descent,47,21.06090612766778,0.0521275677039347,99.75249133447561
gradient_descent,48,13.045973829508887,0.05086266421567457,99.61012750078781
gradient_descent,49,14.601927716798249,0.07599909268908867,99.47952699011337
gradient_descent,50,15.271222518241368,0.06712427647236993,99.56045250213471
gradient_descent,51,34.683390669368784,0.05880472395371285,99.83045278209882
chl,42,11.270407155254274,2333407.498813306,-20703743.85115554
chl,43,22.95808242403233,5694029.969834773,-24801753.502687618
chl,44,23.126731423044465,4543334.289236409,-19645280.08475005
chl,45,17.369327589522733,2031802.1612390026,-11697544.314478794
chl,46,20.168414307754595,2941165.5731550246,-14582928.334677603
chl,47,21.06090612766778,6318429.669445269,-30000649.403392132
chl,48,13.045973829508887,308414.68647456926,-2363960.2879101397
chl,49,14.601927716798249,962656.5647737095,-6592567.649397119
chl,50,15.271222518241368,356864.02349323087,-2336739.9161688546
chl,51,34.683390669368784,2865790.373023265,-8262616.873163833
qpc,42,11.270407155254274,111.27711472738963,-887.3389061681959
qpc,43,22.95808242403233,206.0437420417666,-797.4780133469759
qpc,44,23.126731423044465,243.3216172943785,-952.12281339473
qpc,45,17.369327589522733,166.9334948986694,-861.0820801109453
qpc,46,20.168414307754595,167.36836876504975,-729.8538804842874
qpc,47,21.06090612766778,212.59487166744026,-909.4288934138199
qpc,48,13.045973829508887,151.48793911636062,-1061.1853671951092
qpc,49,14.601927716798249,179.9620650409398,-1132.4541562680731
qpc,50,15.271222518241368,138.47274588342853,-806.7561272060819
qpc,51,34.683390669368784,154.7424745517281,-346.15728613982225
hebbian,42,11.270407155254274,11.314570460848502,-0.39185190903807676
hebbian,43,22.95808242403233,30.390375365460958,-32.37331761492661
hebbian,44,23.126731423044465,16.631025688838893,28.087435337848788
hebbian,45,17.369327589522733,11.282031647157673,35.04623832437213
hebbian,46,20.168414307754595,27.074853269864562,-34.24383720367394
hebbian,47,21.06090612766778,13.567821305756418,35.57816922258474
hebbian,48,13.045973829508887,21.267614829198415,-63.02052347439846
hebbian,49,14.601927716798249,20.922492194100798,-43.285822255038894
hebbian,50,15.271222518241368,16.41254516029926,-7.473682219577316
hebbian,51,34.683390669368784,24.206333078458293,30.207708614150807
anti_hebbian,42,11.270407155254274,0.10215216840657268,99.09362486200021
anti_hebbian,43,22.95808242403233,0.10331245809609958,99.54999526446532
anti_hebbian,44,23.126731423044465,0.10173791612926089,99.5600851920307
anti_hebbian,45,17.369327589522733,0.10052225589938069,99.4212657031121
anti_hebbian,46,20.168414307754595,0.10742243922298175,99.46737290505938
anti_hebbian,47,21.06090612766778,0.1079693117697382,99.4873472626712
anti_hebbian,48,13.045973829508887,0.10429878448714566,99.20052894594016
anti_hebbian,49,14.601927716798249,0.10565914204774114,99.27640278669378
anti_hebbian,50,15.271222518241368,0.09958829331473285,99.3478695422336
anti_hebbian,51,34.683390669368784,0.09610071201965475,99.72292007740602
