epoch,norm_termA_error,norm_termB_correlation,corr_coefficient,norm_hebb,norm_w1_update
1,0.28564437795586245,1.4323295365271527,1.4412577346191897,0.0,0.24484500936614603
2,0.276301033261493,1.4536308250762238,1.4423514995619264,0.0,0.23149730341638214
3,0.2466921247803783,1.455031022271041,1.4236675281370572,0.0,0.2348898139242553
4,0.2778534146403056,1.4153539426889614,1.3659647607952627,0.0,0.24834823099241754
5,0.2332259896006343,1.3480279197131384,1.2840412590077783,0.0,0.20292124457255906
6,0.26899137127757305,1.2149800600868066,1.1429909165063534,0.0,0.24172166136635778
7,0.2012178663442594,1.1580101881168936,1.077766845144724,0.0,0.18382168053403647
8,0.1854513773542382,1.1082806927987892,1.0207915594825163,0.0,0.19152578783213306
9,0.22876013564211084,1.1619388992460769,1.05980351650273,0.0,0.2147202306838422
10,0.25224434894188336,1.373410653752295,1.2399196720658554,0.0,0.2445778476279468
11,0.29416533433911474,1.5634212735508828,1.3947847305558607,0.0,0.278174332002837
12,0.23323375491956325,1.41225584088134,1.2429093642221778,0.0,0.2425077845512386
13,0.2965303212315345,1.7081090448004586,1.4855703638097086,0.0,0.28698139246937937
14,0.19819639597426641,1.2073224136666072,1.0350707951440619,0.0,0.2112315765528687
15,0.3546931835099137,2.0695110880156062,1.7563903676438823,0.0,0.35076431947656705
16,0.22667762561893623,1.2906237866674966,1.0767761735687542,0.0,0.245917814817745
17,0.19110770741750996,1.1174070053890708,0.9227958686870288,0.0,0.18827114152464616
18,0.18555992497486723,1.2407045806053822,1.015482702045626,0.0,0.2108159184795454
19,0.21468498071927264,1.2523071585232286,1.01482204678999,0.0,0.22363216590842808
20,0.20818464763629424,1.355401646141028,1.0875845549968557,0.0,0.23964977689797007
21,0.2262022251488228,1.5009401697317226,1.1916535128824852,0.0,0.25215340062327546
22,0.24791532634375765,1.5263839611125258,1.197726337012277,0.0,0.26729461216901157
23,0.2703900056516237,1.5030939928343623,1.1656919947517812,0.0,0.29748384248126875
24,0.21738792676666008,1.646180616470625,1.2623354528571145,0.0,0.24940709719076104
25,0.20867136759759022,1.5102704736835995,1.143847962423381,0.0,0.2535623869275808
26,0.21894232721236428,1.5708560301760646,1.1763337366382078,0.0,0.2753726733374646
27,0.2229131886799556,1.6178593649438076,1.19759446814318,0.0,0.27156940990772965
28,0.13703681881056684,0.8938891095684546,0.6538744220044866,0.0,0.17986312828469342
29,0.23191840653423906,1.3340993677143593,0.9696477780136865,0.0,0.2690571216910018
30,0.23122992787050214,1.5282564531746736,1.1004856640829348,0.0,0.25499989436084985
31,0.23656081557542102,1.5001940663774447,1.0686165496901572,0.0,0.2822590308241432
32,0.207755318222183,1.3644625362434046,0.961791552265142,0.0,0.23771229769201405
33,0.26359681913187083,1.89700678011003,1.3245240103783495,0.0,0.3180044721585341
34,0.2036646164029712,1.5487433841546965,1.0674031166546751,0.0,0.26097704970598445
35,0.20661460965267633,1.6620739149014643,1.1334860349887503,0.0,0.2783121526420347
36,0.18913930803169557,1.3056838361480785,0.8805843735098634,0.0,0.24419722229259555
37,0.17991281032995576,1.4617465052696554,0.9774256983365539,0.0,0.25226734185537897
38,0.21666786529318818,1.4092918896482525,0.9333304858709004,0.0,0.26629179113530466
39,0.22926401099874208,1.8434021044137048,1.2098083355435445,0.0,0.29993150234961086
40,0.2834112313765195,2.0623835990760893,1.337317652256253,0.0,0.3623711816719198
41,0.19820786705982185,1.7040429258589769,1.0903043016074823,0.0,0.2873766605131047
42,0.23307853274479245,1.598605069508795,1.0119793744601653,0.0,0.29846810944626734
43,0.22242094654953765,1.6300759791098411,1.0216413612003696,0.0,0.2784580910976987
44,0.270274485921633,1.8623454224090863,1.1555797020949377,0.0,0.4266263962835182
45,0.23984871136001912,1.7718937703061926,1.0871317521281056,0.0,0.3417886315346254
46,0.2172518766799821,1.789939633075555,1.086726307026282,0.0,0.3393146810810515
47,0.18225017400972515,1.4683489163683474,0.8819862943824919,0.0,0.2590819038186897
48,0.23698284540587303,2.4011482033316853,1.429598920396586,0.0,0.35810029597565246
49,0.20798501507949574,1.6718297890208433,0.9814161252217197,0.0,0.30896633543406343
50,0.2354836778941253,1.828477523362421,1.0630849844266568,0.0,0.35546810018582986
51,0.2454545437339912,2.0037996629014536,1.1528321665901224,0.0,0.3417742596115498
52,0.22340110877490857,1.8951235393952384,1.0781549036613771,0.0,0.37069917666719976
53,0.2009651569480903,1.7177508176568075,0.9669076122088318,0.0,0.300269578008592
54,0.18999584246164708,1.8101799903633269,1.0093235904290316,0.0,0.276901045543024
55,0.20634633012373546,1.9345492274692215,1.0679058479321601,0.0,0.3297699236341718
56,0.20909314728036338,2.14363325518431,1.1708807971604027,0.0,0.34861538294635785
57,0.2051143622753562,2.0608466280076514,1.1127407498839856,0.0,0.30983851405269525
58,0.2260521350022483,2.3396014131231975,1.2494310536149291,0.0,0.36779892411401544
59,0.19225045732208534,1.8533359064836672,0.9776480559332649,0.0,0.3276769858424615
60,0.195431387429585,2.0060284728371975,1.0480579279785938,0.0,0.31470719616660675
61,0.2472870192329353,2.4016700767810617,1.241828306953047,0.0,0.40852027926261864
62,0.24097184165032698,1.9398534828869984,0.9908545043693221,0.0,0.41078212213537935
63,0.23110244518444667,2.306310167451732,1.1665644691901476,0.0,0.3967784453758471
64,0.24465348375571275,2.4542942965530536,1.2272580183308406,0.0,0.42441302622284166
65,0.218737436729077,2.350364764943606,1.161144613007133,0.0,0.3712612066692756
66,0.16156836399844154,1.9133689428856764,0.9344107230342129,0.0,0.30977641855349647
67,0.2003685109605196,1.8784891461108542,0.9089753326728461,0.0,0.3463241578292584
68,0.2529757186870191,2.6048890339718724,1.2492701417846002,0.0,0.4306715843244453
69,0.20148956699825285,2.046734298489137,0.9695013876312116,0.0,0.38487332761436954
70,0.2902951466865066,2.9109541948672275,1.365836639626088,0.0,0.5494795007515599
71,0.21651903260219818,2.4663573573756636,1.1416989081201976,0.0,0.4161795257807335
72,0.25123726124353735,3.0796163754052244,1.4095557573472564,0.0,0.4928805645808727
73,0.24450746179557983,3.291422349925056,1.485545465486644,0.0,0.5281201232101399
74,0.22328780648180244,2.526152198869934,1.1235183079652358,0.0,0.42347192291319335
75,0.18277802296630827,1.9451246300867682,0.8555679617873783,0.0,0.362887735469848
76,0.25329396083438405,3.228731424612615,1.408200299225465,0.0,0.47395617674473184
77,0.21580750307593732,2.6380591448420896,1.134586478481975,0.0,0.4203967072516279
78,0.3262072387696057,3.3404435492018587,1.4205356821003383,0.0,0.6020574880584323
79,0.20466096508852874,2.4731913957755314,1.0370143711004944,0.0,0.4589286566825387
80,0.20770861546307257,2.321753895418752,0.9636406727533143,0.0,0.41259863944044284
81,0.19001718407022383,2.3421311949498684,0.9628964076804023,0.0,0.4012062283417288
82,0.25411789696623677,2.9485574144365283,1.200658427418821,0.0,0.5594370206883107
83,0.18046629714846285,1.8445434437577892,0.7422082556236618,0.0,0.38624639806589073
84,0.17558658097820962,1.9449233933511794,0.7769022629365455,0.0,0.39824664576024515
85,0.19582522864135044,2.8725293875104025,1.138713252749288,0.0,0.42466609846715314
86,0.1748782425211451,1.9321191209687005,0.7573029955638475,0.0,0.44638745311190614
87,0.2089077497516789,2.904683085021682,1.1301624862746205,0.0,0.47226608766203354
88,0.21234441107787874,3.449780754563733,1.3272415009545748,0.0,0.51778380681145
89,0.18372958288710112,2.8680547644281567,1.0889391749217185,0.0,0.4299722961576642
90,0.20604441825254405,2.627137689741067,0.9867049751219962,0.0,0.4480858117255626
91,0.19324294680323306,2.967728785532551,1.1038274341877126,0.0,0.4129197123262043
92,0.20190704876616697,3.037713564671633,1.1174493035499646,0.0,0.5295244886973363
93,0.18207177416176934,2.45667253995619,0.8937524617756366,0.0,0.46871078674836025
94,0.22059140518239237,2.625144167231246,0.9466683982898219,0.0,0.5322963929893088
95,0.26711312337593335,3.7036564546747677,1.3231941662631894,0.0,0.6521762387123274
96,0.1872092613901461,2.7234380928717408,0.9602063335618339,0.0,0.48656632024800334
97,0.1475477673379291,2.1194545748815,0.7401415049294152,0.0,0.38939215120325754
98,0.2363408685336121,3.0997112940208984,1.07456957725118,0.0,0.6302303629025171
99,0.2414787710976372,3.569224630628468,1.2241799951283119,0.0,0.5971060950200668
100,0.28819036169931056,4.7296343502575535,1.6025277000951854,0.0,0.7140378433560634
101,0.23664849875898167,4.700293108586186,1.5673275661057553,0.0,0.686594231197426
102,0.28367580033205164,4.671847528898185,1.5337903601522984,0.0,0.7020022789030425
103,0.15536280904409472,2.900442104888567,0.9377635758276166,0.0,0.4345458415963543
104,0.233575584287072,3.2034802304381955,1.0261210484415777,0.0,0.6544430870293041
105,0.1723561632665772,2.9921007937063493,0.9487464455731277,0.0,0.5364538183432481
106,0.17054745880827135,3.509961666538426,1.1024779359323644,0.0,0.5093049571185396
107,0.2139695839305752,3.161712767577423,0.982225673593781,0.0,0.6430143530639053
108,0.18120257371680182,3.237945288237644,0.9961297751192708,0.0,0.5330559769837244
109,0.1713664782837605,2.766565144564643,0.8427379457374067,0.0,0.5131070738107854
110,0.22064218111937414,4.033000448272735,1.218236269601598,0.0,0.6302883207973577
111,0.21519847888097088,3.6707046515938786,1.0954233181039494,0.0,0.6094623297382273
112,0.2114780473482303,3.800931118838263,1.1220292644289662,0.0,0.6544409189518183
113,0.18066035742332537,2.866800865543799,0.8368999874430073,0.0,0.5713730659578282
114,0.18543516523165987,3.761562654451006,1.0890091496682084,0.0,0.584842838145154
115,0.2015733469066908,4.330626563507012,1.2401711859637268,0.0,0.6445113419560485
116,0.29606337721604836,5.50126607286491,1.5560444599296437,0.0,0.9953386672589102
117,0.2076201632727505,3.641279065596386,1.0141756458308044,0.0,0.6367726280729556
118,0.15846417146428704,2.547159131303939,0.7023151089770031,0.0,0.5457437898359103
119,0.1476750044077119,3.0371838074107216,0.8316599303072849,0.0,0.5053016251852674
120,0.18359332678082527,3.383711587142002,0.9189061347989735,0.0,0.5851130713611237
121,0.18058842543650655,4.347556466057631,1.1699662869234633,0.0,0.5712164971790868
122,0.22757284284902832,4.695152692771348,1.248803213278822,0.0,0.82343032047567
123,0.20979488898929535,4.440810976073092,1.166528282010586,0.0,0.715883037122931
124,0.23868503308932584,4.806401119607632,1.2479817372425264,0.0,0.7909101869219853
125,0.18715256309823372,4.10037337747181,1.0515224382535906,0.0,0.649499760655432
126,0.16896666355506068,3.737256033591678,0.9484184415950156,0.0,0.5717928238346295
127,0.15367151863398668,2.928425909419612,0.7361517266346655,0.0,0.5671005350439857
128,0.24115379459701722,5.016761780123688,1.2519321726187098,0.0,0.8345952432186662
129,0.16886298989691936,3.785009095174813,0.9327997246543411,0.0,0.666772219129455
130,0.22674737643404821,4.895323653198763,1.1952634147674315,0.0,0.8338476799512334
131,0.12643503649586862,2.2676106216894394,0.5471301253895434,0.0,0.47479190308247265
132,0.22215218565560788,4.734147498922758,1.1360796376017186,0.0,0.8012359201807564
133,0.1952136160850358,4.649684631389665,1.1032717465398145,0.0,0.7467895740556088
134,0.1811033383763693,3.595714010585431,0.8438509006186217,0.0,0.6694589371267283
135,0.17564305685691015,3.6020459960595814,0.8382720578646028,0.0,0.6075309350125936
136,0.16326311538341473,3.6118960004785685,0.8335596615407725,0.0,0.685413663430669
137,0.15099560526208475,3.4208521552563336,0.782924401901084,0.0,0.64710334777616
138,0.18968341847796344,3.815142068271918,0.8663875351414733,0.0,0.7847194882766817
139,0.17272687372759984,2.9914857754827007,0.6735224558469286,0.0,0.6766579330711113
140,0.1758055354735832,3.8066319296182978,0.8513279063200977,0.0,0.6940363073516803
141,0.124100848988546,2.349503551832851,0.521009891217348,0.0,0.49704889155749427
142,0.20506578234470577,4.307534154988226,0.9502790999008361,0.0,0.7961338455766944
143,0.1415270160051721,3.288105295183899,0.7185517221305804,0.0,0.5839306748958684
144,0.1955787937424361,5.096919463191084,1.1059080959358705,0.0,0.8792540958031557
145,0.13573107229244075,3.1776591764390503,0.6819224005545608,0.0,0.5817186160801301
146,0.17017474208790456,4.325915771537397,0.9220326147709922,0.0,0.8100454681426186
147,0.15372726008652732,3.8512712758520133,0.813375396592226,0.0,0.6303708143880877
148,0.21101864940140697,6.612530907418563,1.3852727086210352,0.0,0.8699427060045962
149,0.1825230550391019,4.24413841625664,0.876873887161981,0.0,0.7993081826476772
150,0.16543396584570705,5.241394924378549,1.073498133588977,0.0,0.824979392749263
151,0.19945298692817826,4.642979494152259,0.9408175388908091,0.0,0.8632808637602453
152,0.14335867640479186,3.5607118977185466,0.7147835136659414,0.0,0.6631582732957749
153,0.15388122826262132,3.421366221584033,0.6819446504038797,0.0,0.6802997377886858
154,0.1456932143711322,2.7775122790299536,0.5498619830739387,0.0,0.677617207960453
155,0.21137611492238145,5.121381608246736,1.008342912462036,0.0,0.9326396812173984
156,0.13090127170084903,3.2136839853963206,0.6264182315591562,0.0,0.6795571023672707
157,0.13140746662674327,2.2961169651626725,0.4447807972985789,0.0,0.6919068361887719
158,0.165763115408726,5.045658211270027,0.9730882908593893,0.0,0.7600973052700212
159,0.21512033573675612,3.1352347443511346,0.598805529548883,0.0,0.9888709860632694
160,0.1511276306456541,4.248639403919138,0.8066692834543749,0.0,0.7248111992378659
161,0.18375245409804672,5.663791539365281,1.0667305547005297,0.0,0.830587927476123
162,0.15910221648377817,4.849973160741768,0.903790858134276,0.0,0.7659995824339173
163,0.19254654658412396,5.887404651398505,1.0872825169048832,0.0,0.9485592636948555
164,0.13584784092936214,4.302279850511552,0.7859678488413978,0.0,0.7020483832621813
165,0.195577472105008,5.610616160397948,1.016980954021364,0.0,0.988415769439699
166,0.11803439268942537,3.5826241243457146,0.6428435012281047,0.0,0.6255438304660065
167,0.13640765135777244,3.4916011360692916,0.6224987844665822,0.0,0.7049359221468313
168,0.2221300773755822,5.0875734718422745,0.9014171288591754,0.0,1.2044716762548162
169,0.16585814093669346,5.711281135958197,1.002912569126468,0.0,0.8675894597941614
170,0.17201267803089745,4.416152507247283,0.7677646514973305,0.0,0.8764925868810242
171,0.10300116568265216,1.9354447875738228,0.33391894537032185,0.0,0.5955811699712242
172,0.11398727544187552,3.6150365827818507,0.621627082579967,0.0,0.6371626588440364
173,0.13476558368274538,5.777932967313815,0.9874095843175377,0.0,0.6919974610716741
174,0.1432866090571426,4.540816951828888,0.7683804639623653,0.0,0.8026316140584757
175,0.11350844382354862,3.58872531865945,0.6026305164532297,0.0,0.6377239008251746
176,0.14248826874683287,4.596371853755363,0.7672052135486032,0.0,0.7536337566298308
177,0.1522906361982545,4.445270312850437,0.7363172551597641,0.0,0.8517611073239889
178,0.127599448386453,3.4077597067297725,0.5603359189173375,0.0,0.7075362474477389
179,0.14841730464812605,5.39988412620582,0.8829596615948105,0.0,0.9187624583469737
180,0.14822480897421556,3.2271846264384276,0.5230658727140002,0.0,0.8051910802898264
181,0.1311290280940026,3.836844189619303,0.6186556626346509,0.0,0.7074503692390628
182,0.17725906197025004,5.167630523247039,0.8281067549538002,0.0,0.9772531692946227
183,0.11993708211946622,2.8236012721406185,0.44876247312183415,0.0,0.7742172883122587
184,0.1484814109174127,4.6014114219928635,0.7280702251928592,0.0,0.888891697087723
185,0.10089168511272435,3.347014218103808,0.5257616675785515,0.0,0.6255874921175378
186,0.09489745023047641,2.5495693929641945,0.3984023146547855,0.0,0.5888918113637189
187,0.10939594171245241,2.059176835837187,0.3204989587327308,0.0,0.723313231235215
188,0.14116145151755774,3.164529858715372,0.49098005596360145,0.0,0.8431687315810712
189,0.12880120700159461,2.5007645647319823,0.3861071965993026,0.0,0.8249879689719063
190,0.14462091193396692,4.4162896570675425,0.6792482688575436,0.0,0.8246878030558119
191,0.1318371234091712,3.407057739780341,0.5204842533246073,0.0,0.8606809986278107
192,0.09058862623156815,2.401195586777608,0.3649286045737159,0.0,0.6435025731689397
193,0.12962538864165324,2.9595942164366367,0.4481592361134178,0.0,0.8529633138862498
194,0.10697598446226522,3.9270845940356462,0.5920213677968185,0.0,0.7162542730577306
195,0.14163558058942138,3.945348431400432,0.5912762786276291,0.0,0.8269863309161872
196,0.11386719550655708,5.185182316707638,0.7725196565969844,0.0,0.6690507950598474
197,0.12562087268746353,3.9000626519547814,0.5765887074007161,0.0,0.8362396394275182
198,0.12578395425926076,4.210832928354375,0.6189672335616484,0.0,0.7813450493015692
199,0.11482611774925963,4.2404715236319594,0.6194820949831463,0.0,0.7438713516567651
200,0.10397390970351467,3.360017563067212,0.48783137390293474,0.0,0.7810272559999722
