condition,final_loss,improvement_pct,seed
gd_alone,0.2505328240918064,13.831662262178568,42
gd_plus_variance,0.18026156900797244,38.000779675334485,42
chl,0.18026156900797247,38.00077967533447,42
gd_alone,0.44580717765625705,18.667843557934205,43
gd_plus_variance,0.26276968328484196,52.06083243990835,43
chl,0.26276968328484196,52.06083243990835,43
gd_alone,0.3768363128167208,20.025762465758202,44
gd_plus_variance,0.2068819488931747,56.09439547197616,44
chl,0.20688194889317468,56.09439547197616,44
gd_alone,0.3611126718401322,14.540590829613842,45
gd_plus_variance,0.2257274793790885,46.580282206774726,45
chl,0.2257274793790885,46.580282206774726,45
gd_alone,0.45317573086259216,11.011722242670952,46
gd_plus_variance,0.32630441831837786,35.92492661624036,46
chl,0.32630441831837786,35.92492661624036,46
gd_alone,0.42046762173759544,8.548694990028928,47
gd_plus_variance,0.3566917821594225,22.419879014682177,47
chl,0.3566917821594225,22.419879014682177,47
gd_alone,0.38359987708547955,16.199629980031283,48
gd_plus_variance,0.2672485450897183,41.61748138197089,48
chl,0.2672485450897183,41.61748138197089,48
gd_alone,0.40584867140525677,17.90564815408996,49
gd_plus_variance,0.17291356606975877,65.02334950928726,49
chl,0.17291356606975875,65.02334950928727,49
gd_alone,0.3788818340152372,13.007446900948194,50
gd_plus_variance,0.4335376954733355,0.45827588453883905,50
chl,0.43353769547333537,0.45827588453886126,50
gd_alone,0.4603625821981934,20.12384942832679,51
gd_plus_variance,0.4331474188203837,24.845871964169508,51
chl,0.43314741882038366,24.84587196416952,51
gd_alone,0.3868671374321954,12.554324802829397,52
gd_plus_variance,0.2708711782515638,38.77351994568784,52
chl,0.2708711782515638,38.77351994568784,52
gd_alone,0.4585983989715524,21.77617281240162,53
gd_plus_variance,0.21223063664999267,63.799497158181694,53
chl,0.21223063664999262,63.799497158181694,53
gd_alone,0.4069578313464085,18.337344574676884,54
gd_plus_variance,0.3460822119179018,30.553019886160538,54
chl,0.34608221191790167,30.55301988616056,54
gd_alone,0.6227012877830248,22.386260919843405,55
gd_plus_variance,0.3144688376076967,60.80447754039595,55
chl,0.3144688376076967,60.80447754039595,55
gd_alone,0.4078378272224187,14.039721856520215,56
gd_plus_variance,0.33453882622926084,29.48900608776156,56
chl,0.33453882622926084,29.48900608776156,56
gd_alone,0.31403258800816797,17.915043340670035,57
gd_plus_variance,0.2359808890488857,38.31697158288519,57
chl,0.2359808890488857,38.31697158288519,57
gd_alone,0.42438198061587584,13.111071137820174,58
gd_plus_variance,0.3358371039620722,31.239949931207423,58
chl,0.3358371039620722,31.239949931207423,58
gd_alone,0.36106694863395894,15.058563443739326,59
gd_plus_variance,0.2630930233821304,38.107047907441114,59
chl,0.2630930233821305,38.10704790744111,59
gd_alone,0.37583108080143773,18.121269877928505,60
gd_plus_variance,0.1747681243193651,61.92493698346837,60
chl,0.17476812431936503,61.92493698346837,60
gd_alone,0.39538439394074876,12.056564443716777,61
gd_plus_variance,0.38840590343758996,13.608756283480316,61
chl,0.38840590343759,13.608756283480306,61
gd_alone,0.3993587735534164,16.311379227179334,62
gd_plus_variance,0.33743533331397574,29.287899715350896,62
chl,0.33743533331397574,29.287899715350896,62
gd_alone,0.457205792542786,19.05709088165454,63
gd_plus_variance,0.26328516907672256,53.388456882266965,63
chl,0.2632851690767225,53.38845688226698,63
gd_alone,0.3683310117381375,18.25797512575944,64
gd_plus_variance,0.2250080417880373,50.06498947251823,64
chl,0.2250080417880373,50.06498947251823,64
gd_alone,0.5044520107482778,18.467181594879545,65
gd_plus_variance,0.3082993410250282,50.170653202619356,65
chl,0.30829934102502815,50.170653202619356,65
gd_alone,0.4472214936734504,14.566718780144095,66
gd_plus_variance,0.30006657074152465,42.67790773589928,66
chl,0.30006657074152465,42.67790773589928,66
gd_alone,0.31358700132017986,19.241164907206322,67
gd_plus_variance,0.2587253860857626,33.369812201221194,67
chl,0.25872538608576257,33.369812201221215,67
gd_alone,0.36759456102324406,14.687200698517822,68
gd_plus_variance,0.26304701212967696,38.95100925811943,68
chl,0.2630470121296769,38.95100925811944,68
gd_alone,0.367493483544201,16.649628016516726,69
gd_plus_variance,0.2755809581296138,37.49610156310349,69
chl,0.2755809581296138,37.49610156310349,69
gd_alone,0.3626705259943677,14.000741115360071,70
gd_plus_variance,0.31456977274145514,25.406766240235147,70
chl,0.31456977274145514,25.406766240235147,70
gd_alone,0.2861739654929213,11.82289343639834,71
gd_plus_variance,0.26475601393773573,18.42228130664949,71
chl,0.2647560139377357,18.422281306649502,71
