learning_rule,tutor_snr,practice_snr,seed,initial_validation_loss,best_validation_loss,best_epoch,final_validation_loss,acquisition_epoch,acquisition_threshold,stability,stop_reason,epochs_executed,absolute_validation_improvement,relative_validation_improvement,relative_validation_improvement_percent,acquisition_success,patience_stopped,max_epochs_reached,learning_rule_label
gradient_descent,20.0,3.0,42,0.2922193311449403,0.2255744815016671,500,0.2255744815016671,,0.21421618343849355,0.0001535795949193,max_epochs_reached,500,0.06664484964327322,0.2280644794516263,22.80644794516263,False,False,True,Gradient Descent
gradient_descent,20.0,3.0,43,0.549864992091125,0.3731453756904274,500,0.3731453756904274,,0.3430390139115859,0.0002617048321375,max_epochs_reached,500,0.17671961640069767,0.32138728404701067,32.13872840470107,False,False,True,Gradient Descent
gradient_descent,20.0,3.0,44,0.4514253010022503,0.3282825703093773,500,0.3282825703093773,,0.29381916836714855,9.558837615475938e-05,max_epochs_reached,500,0.12314273069287301,0.2727865062491461,27.278650624914608,False,False,True,Gradient Descent
gradient_descent,20.0,3.0,45,0.4157229998126722,0.3262513422956013,500,0.3262513422956013,,0.27596801777235946,0.0003855138746653,max_epochs_reached,500,0.08947165751707087,0.21521940705081857,21.521940705081857,False,False,True,Gradient Descent
gradient_descent,20.0,3.0,46,0.5279073345681804,0.4071595218318685,500,0.4071595218318685,,0.3320601851501136,0.0008763221872144,max_epochs_reached,500,0.12074781273631191,0.22872918186499844,22.872918186499845,False,False,True,Gradient Descent
gradient_descent,20.0,3.0,47,0.4651200244573011,0.3921761298042229,500,0.3921761298042229,,0.3006665300946739,0.0001151666723226,max_epochs_reached,500,0.07294389465307821,0.1568281106327096,15.68281106327096,False,False,True,Gradient Descent
gradient_descent,20.0,3.0,48,0.4570517972051141,0.3319518913956785,500,0.3319518913956785,,0.2966324164685804,0.0005318251761927,max_epochs_reached,500,0.12509990580943559,0.27371056535479216,27.371056535479216,False,False,True,Gradient Descent
gradient_descent,20.0,3.0,49,0.4629676596548881,0.3663326826691715,500,0.3663326826691715,,0.2995903476934675,7.52057407693123e-05,max_epochs_reached,500,0.0966349769857166,0.20872943275941047,20.872943275941047,False,False,True,Gradient Descent
gradient_descent,20.0,3.0,50,0.4578769396051106,0.3306250163166052,500,0.3306250163166052,,0.2970449876685787,0.0003811532664144,max_epochs_reached,500,0.12725192328850543,0.27791730109459545,27.791730109459543,False,False,True,Gradient Descent
gradient_descent,20.0,3.0,51,0.5992197087238005,0.3753149618617359,500,0.3753149618617359,,0.36771637222792364,0.000164226075582,max_epochs_reached,500,0.22390474686206457,0.37366051817442714,37.36605181744272,False,False,True,Gradient Descent
gradient_descent,20.0,3.0,52,0.4435680802475182,0.3497278730890992,500,0.3497278730890992,,0.28989055798978247,0.0005517339396405,max_epochs_reached,500,0.09384020715841901,0.21155761953397242,21.155761953397242,False,False,True,Gradient Descent
gradient_descent,20.0,3.0,53,0.5690558308858504,0.3778251815803031,500,0.3778251815803031,,0.3526344333089486,0.0005013508936179,max_epochs_reached,500,0.19123064930554734,0.33604901123297193,33.604901123297196,False,False,True,Gradient Descent
gradient_descent,20.0,3.0,54,0.50362613819959,0.3441777794328578,500,0.3441777794328578,,0.3199195869658184,0.0006516886961274,max_epochs_reached,500,0.1594483587667322,0.31660064216830197,31.660064216830197,False,False,True,Gradient Descent
gradient_descent,20.0,3.0,55,0.7972371638329011,0.5049423405350582,500,0.5049423405350582,,0.46672509978247395,0.000912327949121,max_epochs_reached,500,0.29229482329784295,0.36663471869847153,36.66347186984715,False,False,True,Gradient Descent
gradient_descent,20.0,3.0,56,0.4841253605419141,0.3604065565888031,500,0.3604065565888031,,0.3101691981369804,0.000405174303013,max_epochs_reached,500,0.12371880395311097,0.25555117338745525,25.555117338745525,False,False,True,Gradient Descent
gradient_descent,20.0,3.0,57,0.3709724710047677,0.2771869801000754,500,0.2771869801000754,,0.25359275336840725,0.0001082014523248,max_epochs_reached,500,0.09378549090469229,0.25280983963763437,25.280983963763436,False,False,True,Gradient Descent
gradient_descent,20.0,3.0,58,0.4967285440760826,0.3782423695589808,500,0.3782423695589808,,0.3164707899040647,0.0001064679757781,max_epochs_reached,500,0.1184861745171018,0.23853304975152304,23.853304975152305,False,False,True,Gradient Descent
gradient_descent,20.0,3.0,59,0.4213890368424666,0.3202511953015283,500,0.3202511953015283,,0.2788010362872567,6.229469632139322e-05,max_epochs_reached,500,0.1011378415409383,0.24001061417919137,24.001061417919136,False,False,True,Gradient Descent
gradient_descent,20.0,3.0,60,0.4520859396731631,0.3260643097344673,500,0.3260643097344673,,0.29414948770260496,0.0008000996035987,max_epochs_reached,500,0.12602162993869576,0.27875591536822286,27.875591536822284,False,False,True,Gradient Descent
gradient_descent,20.0,3.0,61,0.4477091334706438,0.3629556838282677,500,0.3629556838282677,,0.2919610846013453,0.0003108049502494,max_epochs_reached,500,0.08475344964237608,0.18930471439205818,18.930471439205817,False,False,True,Gradient Descent
gradient_descent,20.0,3.0,62,0.4836189203719376,0.3461773924509196,500,0.3461773924509196,,0.3099159780519922,0.0002735935956457,max_epochs_reached,500,0.137441527921018,0.2841938603545858,28.419386035458583,False,False,True,Gradient Descent
gradient_descent,20.0,3.0,63,0.550053912771657,0.3913237803441876,500,0.3913237803441876,,0.3431334742518519,0.000517248471856,max_epochs_reached,500,0.15873013242746947,0.2885719540247373,28.857195402473728,False,False,True,Gradient Descent
gradient_descent,20.0,3.0,64,0.4154998661076106,0.3359841653427892,500,0.3359841653427892,,0.2758564509198287,0.0002195169253861,max_epochs_reached,500,0.0795157007648214,0.19137358938216256,19.137358938216256,False,False,True,Gradient Descent
gradient_descent,20.0,3.0,65,0.6298863553656033,0.4197622680939896,500,0.4197622680939896,,0.38304969554882506,0.0004801576229038,max_epochs_reached,500,0.21012408727161375,0.33359047307772205,33.35904730777221,False,False,True,Gradient Descent
gradient_descent,20.0,3.0,66,0.5093889850305413,0.4068223978366856,500,0.4068223978366856,,0.32280101038129405,0.0001856309362758,max_epochs_reached,500,0.1025665871938557,0.20135218901073437,20.135218901073436,False,False,True,Gradient Descent
gradient_descent,20.0,3.0,67,0.3755302123633545,0.2760382889372704,500,0.2760382889372704,,0.25587162404770064,0.0001450536448499,max_epochs_reached,500,0.0994919234260841,0.2649372011906674,26.493720119066737,False,False,True,Gradient Descent
gradient_descent,20.0,3.0,68,0.4312324425834896,0.3289198572479903,500,0.3289198572479903,,0.2837227391577682,2.34828354094564e-05,max_epochs_reached,500,0.1023125853354993,0.23725623406845342,23.725623406845344,False,False,True,Gradient Descent
gradient_descent,20.0,3.0,69,0.4487633683681534,0.3161802466218451,500,0.3161802466218451,,0.29248820205010007,0.0004758365059962,max_epochs_reached,500,0.13258312174630832,0.29544105221516365,29.544105221516364,False,False,True,Gradient Descent
gradient_descent,20.0,3.0,70,0.4253695390624951,0.3235713971005407,500,0.3235713971005407,,0.28079128739727094,5.852735916908418e-05,max_epochs_reached,500,0.10179814196195436,0.2393169529400605,23.93169529400605,False,False,True,Gradient Descent
gradient_descent,20.0,3.0,71,0.333200992757526,0.2588856131314278,500,0.2588856131314278,,0.2347070142447864,0.0002165935671059,max_epochs_reached,500,0.07431537962609819,0.2230346884955961,22.30346884955961,False,False,True,Gradient Descent
chl,20.0,3.0,42,0.2922193311449403,0.1362854700021108,499,0.1362130357320468,230.0,0.21421618343849355,2.547823871882224e-05,max_epochs_reached,500,0.15600629541289351,0.5338671291924717,53.386712919247174,True,False,True,CHL
chl,20.0,3.0,43,0.549864992091125,0.2154472746958683,500,0.2154472746958683,190.0,0.3430390139115859,5.380104459651755e-07,max_epochs_reached,500,0.3344177173952567,0.6081815031058317,60.81815031058318,True,False,True,CHL
chl,20.0,3.0,44,0.4514253010022503,0.1516162690211525,495,0.1518578843149278,189.0,0.29381916836714855,1.932153254347928e-05,max_epochs_reached,500,0.2995674166873225,0.6636035154038236,66.36035154038235,True,False,True,CHL
chl,20.0,3.0,45,0.4157229998126722,0.1660352614623839,500,0.1660352614623839,220.0,0.27596801777235946,1.7112336592494882e-05,max_epochs_reached,500,0.2496877383502883,0.6006108357314832,60.06108357314832,True,False,True,CHL
chl,20.0,3.0,46,0.5279073345681804,0.2840068013993068,464,0.284286660583818,286.0,0.3320601851501136,6.111536827903788e-06,validation_patience_exceeded,484,0.24362067398436238,0.4614837832924601,46.14837832924601,True,True,False,CHL
chl,20.0,3.0,47,0.4651200244573011,0.2916164317787084,500,0.2916164317787084,463.0,0.3006665300946739,8.025918857509903e-06,max_epochs_reached,500,0.17350359267859272,0.3730297204061157,37.30297204061157,True,False,True,CHL
chl,20.0,3.0,48,0.4570517972051141,0.2307280268061775,485,0.2309275829564084,249.0,0.2966324164685804,6.234681707642285e-06,max_epochs_reached,500,0.22612421424870568,0.4947452687670463,49.47452687670463,True,False,True,CHL
chl,20.0,3.0,49,0.4629676596548881,0.1595584664706422,376,0.1624084293703186,163.0,0.2995903476934675,3.963713459288225e-05,validation_patience_exceeded,396,0.30055923028456955,0.6492013513613816,64.92013513613816,True,True,False,CHL
chl,20.0,3.0,50,0.4578769396051106,0.4579287372247174,1,0.4586352484254755,,0.2970449876685787,,validation_patience_exceeded,21,-0.0007583088203648725,-0.0016561411042426925,-0.16561411042426924,False,True,False,CHL
chl,20.0,3.0,51,0.5992197087238005,0.4152418888259476,382,0.4172650163540778,,0.36771637222792364,5.82859598042097e-06,validation_patience_exceeded,402,0.18195469236972267,0.30365271655908,30.365271655908,False,True,False,CHL
chl,20.0,3.0,52,0.4435680802475182,0.2270285914772629,500,0.2270285914772629,262.0,0.28989055798978247,1.9093750712084583e-05,max_epochs_reached,500,0.2165394887702553,0.48817644554004597,48.817644554004595,True,False,True,CHL
chl,20.0,3.0,53,0.5690558308858504,0.1779077943828617,495,0.1778746468791541,127.0,0.3526344333089486,2.026251204929502e-06,max_epochs_reached,500,0.3911811840066963,0.687421449311474,68.7421449311474,True,False,True,CHL
chl,20.0,3.0,54,0.50362613819959,0.3343011908014029,379,0.3356165173475559,,0.3199195869658184,9.820076335705697e-06,validation_patience_exceeded,399,0.16800962085203414,0.33359988314476824,33.35998831447682,False,True,False,CHL
chl,20.0,3.0,55,0.7972371638329011,0.2506896861009946,499,0.2507586607263438,173.0,0.46672509978247395,1.48785130235393e-06,max_epochs_reached,500,0.5464785031065573,0.68546541468192,68.546541468192,True,False,True,CHL
chl,20.0,3.0,56,0.4841253605419141,0.2787169629545076,459,0.2797147707736355,346.0,0.3101691981369804,1.143707585950193e-05,validation_patience_exceeded,479,0.20441058976827858,0.42222656862980296,42.222656862980294,True,True,False,CHL
chl,20.0,3.0,57,0.3709724710047677,0.1945854765190646,500,0.1945854765190646,257.0,0.25359275336840725,9.4453998399376e-06,max_epochs_reached,500,0.1763869944857031,0.47547192385452286,47.547192385452284,True,False,True,CHL
chl,20.0,3.0,58,0.4967285440760826,0.2544544173485697,498,0.2549132854366366,330.0,0.3164707899040647,1.886100400625967e-05,max_epochs_reached,500,0.24181525863944597,0.48681570955263603,48.6815709552636,True,False,True,CHL
chl,20.0,3.0,59,0.4213890368424666,0.2362959192629928,499,0.2364752104070432,237.0,0.2788010362872567,2.360972968032249e-06,max_epochs_reached,500,0.1849138264354234,0.43881973726941587,43.88197372694159,True,False,True,CHL
chl,20.0,3.0,60,0.4520859396731631,0.1560478919335826,396,0.1575126472618895,163.0,0.29414948770260496,2.051768909375171e-05,validation_patience_exceeded,416,0.2945732924112736,0.6515869363781503,65.15869363781503,True,True,False,CHL
chl,20.0,3.0,61,0.4477091334706438,0.3912577930689809,220,0.3912647276709144,,0.2919610846013453,0.0003499862003672,validation_patience_exceeded,240,0.05644440579972937,0.12607383137835945,12.607383137835946,False,True,False,CHL
chl,20.0,3.0,62,0.4836189203719376,0.281124132221526,496,0.2824947135837288,359.0,0.3099159780519922,1.875204262048835e-06,max_epochs_reached,500,0.2011242067882088,0.4158733215680021,41.58733215680021,True,False,True,CHL
chl,20.0,3.0,63,0.550053912771657,0.2512127870954412,359,0.2525165689884718,159.0,0.3431334742518519,2.8840149653454517e-05,validation_patience_exceeded,379,0.29753734378318525,0.5409239655871723,54.092396558717226,True,True,False,CHL
chl,20.0,3.0,64,0.4154998661076106,0.2050221133193527,434,0.2053470594358661,187.0,0.2758564509198287,2.3802667375811805e-06,validation_patience_exceeded,454,0.2101528066717445,0.5057830911967536,50.57830911967536,True,True,False,CHL
chl,20.0,3.0,65,0.6298863553656033,0.2660190939260137,496,0.2664745032045829,204.0,0.38304969554882506,7.333387137219134e-06,max_epochs_reached,500,0.36341185216102045,0.5769482845045695,57.694828450456946,True,False,True,CHL
chl,20.0,3.0,66,0.5093889850305413,0.2316846293662915,500,0.2316846293662915,265.0,0.32280101038129405,1.9290837289390456e-05,max_epochs_reached,500,0.2777043556642498,0.545171497274523,54.5171497274523,True,False,True,CHL
chl,20.0,3.0,67,0.3755302123633545,0.2341961425904401,464,0.2345585400474522,312.0,0.25587162404770064,5.872859137757232e-06,validation_patience_exceeded,484,0.1409716723159023,0.3753936905068541,37.53936905068541,True,True,False,CHL
chl,20.0,3.0,68,0.4312324425834896,0.2232393667707139,498,0.2234033379529039,252.0,0.2837227391577682,4.46363356973228e-06,max_epochs_reached,500,0.20782910463058568,0.4819421827019625,48.194218270196245,True,False,True,CHL
chl,20.0,3.0,69,0.4487633683681534,0.2268898324875352,498,0.2272494364279851,273.0,0.29248820205010007,1.21860260689455e-05,max_epochs_reached,500,0.2215139319401683,0.49360965612158486,49.36096561215849,True,False,True,CHL
chl,20.0,3.0,70,0.4253695390624951,0.3087158117471946,368,0.3103346647291087,,0.28079128739727094,3.60389555909493e-05,validation_patience_exceeded,388,0.11503487433338638,0.2704351481935464,27.04351481935464,False,True,False,CHL
chl,20.0,3.0,71,0.333200992757526,0.2377338983909463,498,0.2377519118523314,,0.2347070142447864,1.3060354754961898e-05,max_epochs_reached,500,0.0954490809051946,0.28646097394629894,28.646097394629894,False,False,True,CHL
qpc,20.0,3.0,42,0.2922193311449403,0.2779671586553375,499,0.2779337872477517,,0.21421618343849355,0.0002015982580856,max_epochs_reached,500,0.014285543897188613,0.0488863753168438,4.888637531684379,False,False,True,QPC
qpc,20.0,3.0,43,0.549864992091125,0.5101136486278773,498,0.5100614627000387,,0.3430390139115859,0.0005533610376331,max_epochs_reached,500,0.039803529391086334,0.07238782239930268,7.238782239930268,False,False,True,QPC
qpc,20.0,3.0,44,0.4514253010022503,0.4200514232113624,496,0.4199959263523372,,0.29381916836714855,0.0001377672286957,max_epochs_reached,500,0.03142937464991313,0.06962253684083264,6.962253684083263,False,False,True,QPC
qpc,20.0,3.0,45,0.4157229998126722,0.3914728595775897,498,0.3914123124578428,,0.27596801777235946,0.0009323233310006,max_epochs_reached,500,0.024310687354829386,0.05847809085805683,5.847809085805683,False,False,True,QPC
qpc,20.0,3.0,46,0.5279073345681804,0.4854536037481725,500,0.4854536037481725,,0.3320601851501136,0.0015877919865535,max_epochs_reached,500,0.04245373082000792,0.08041890695596109,8.04189069559611,False,False,True,QPC
qpc,20.0,3.0,47,0.4651200244573011,0.449992250361782,498,0.4499731451655903,,0.3006665300946739,0.0003172786859982,max_epochs_reached,500,0.015146879291710824,0.03256552824055275,3.256552824055275,False,False,True,QPC
qpc,20.0,3.0,48,0.4570517972051141,0.4326754445282744,499,0.4326680265043846,,0.2966324164685804,0.0012138954403118,max_epochs_reached,500,0.0243837707007295,0.053350125412124,5.3350125412124,False,False,True,QPC
qpc,20.0,3.0,49,0.4629676596548881,0.4504142716864985,412,0.450360478105588,,0.2995903476934675,0.0012072678848057,validation_patience_exceeded,432,0.012607181549300128,0.027231235889560734,2.7231235889560734,False,True,False,QPC
qpc,20.0,3.0,50,0.4578769396051106,0.4057907819435439,498,0.4057163716533829,,0.2970449876685787,0.0004498089384653,max_epochs_reached,500,0.05216056795172769,0.11391831175580237,11.391831175580238,False,False,True,QPC
qpc,20.0,3.0,51,0.5992197087238005,0.5389814415449202,500,0.5389814415449202,,0.36771637222792364,0.0026661636567944,max_epochs_reached,500,0.060238267178880256,0.10052784696814103,10.052784696814102,False,False,True,QPC
qpc,20.0,3.0,52,0.4435680802475182,0.4164309842605458,499,0.4163929967270998,,0.28989055798978247,0.0009617538355263,max_epochs_reached,500,0.02717508352041842,0.06126474092827933,6.126474092827934,False,False,True,QPC
qpc,20.0,3.0,53,0.5690558308858504,0.5305635006292971,481,0.5305686412189108,,0.3526344333089486,0.0010545348140263,max_epochs_reached,500,0.03848718966693965,0.06763341587595466,6.763341587595466,False,False,True,QPC
qpc,20.0,3.0,54,0.50362613819959,0.4518570545963477,499,0.4517992467795431,,0.3199195869658184,0.0009964329945078,max_epochs_reached,500,0.05182689142004693,0.10290746942825994,10.290746942825994,False,False,True,QPC
qpc,20.0,3.0,55,0.7972371638329011,0.7030127131578664,498,0.7029341056323339,,0.46672509978247395,0.000692059508025,max_epochs_reached,500,0.09430305820056717,0.11828733340425768,11.828733340425767,False,False,True,QPC
qpc,20.0,3.0,56,0.4841253605419141,0.439548367033653,499,0.4395073930202486,,0.3101691981369804,0.0007314114686733,max_epochs_reached,500,0.04461796752166547,0.09216201248313366,9.216201248313366,False,False,True,QPC
qpc,20.0,3.0,57,0.3709724710047677,0.3572884361001225,428,0.3571941781918659,,0.25359275336840725,0.0004891714847375,validation_patience_exceeded,448,0.013778292812901827,0.037141011503046946,3.714101150304695,False,True,False,QPC
qpc,20.0,3.0,58,0.4967285440760826,0.4657946464874736,500,0.4657946464874736,,0.3164707899040647,0.0001941359803911,max_epochs_reached,500,0.030933897588608983,0.06227525669205537,6.227525669205537,False,False,True,QPC
qpc,20.0,3.0,59,0.4213890368424666,0.4061874970696819,494,0.4061207303733042,,0.2788010362872567,1.899112399143597e-05,max_epochs_reached,500,0.015268306469162385,0.03623327883318981,3.623327883318981,False,False,True,QPC
qpc,20.0,3.0,60,0.4520859396731631,0.4192415228737753,499,0.4192010921006044,,0.29414948770260496,0.000996927562255,max_epochs_reached,500,0.03288484757255866,0.07274025729783339,7.274025729783339,False,False,True,QPC
qpc,20.0,3.0,61,0.4477091334706438,0.4194150417307333,497,0.4193430359492333,,0.2919610846013453,0.0006673233245424,max_epochs_reached,500,0.028366097521410505,0.06335831771292301,6.335831771292301,False,False,True,QPC
qpc,20.0,3.0,62,0.4836189203719376,0.4403867367491438,500,0.4403867367491438,,0.3099159780519922,0.0009879672014008,max_epochs_reached,500,0.043232183622793796,0.08939307748659864,8.939307748659864,False,False,True,QPC
qpc,20.0,3.0,63,0.550053912771657,0.502321320655725,500,0.502321320655725,,0.3431334742518519,0.000642394673965,max_epochs_reached,500,0.04773259211593206,0.08677802485835096,8.677802485835095,False,False,True,QPC
qpc,20.0,3.0,64,0.4154998661076106,0.397109440213269,498,0.3970995111712601,,0.2758564509198287,0.0004485985702316,max_epochs_reached,500,0.018400354936350505,0.04428486369616539,4.428486369616539,False,False,True,QPC
qpc,20.0,3.0,65,0.6298863553656033,0.5581598766645898,500,0.5581598766645898,,0.38304969554882506,0.0012376286339036,max_epochs_reached,500,0.07172647870101356,0.11387209468822601,11.3872094688226,False,False,True,QPC
qpc,20.0,3.0,66,0.5093889850305413,0.4847277696173671,499,0.4847028812765368,,0.32280101038129405,0.0002285574131245,max_epochs_reached,500,0.024686103754004485,0.04846218602964959,4.846218602964959,False,False,True,QPC
qpc,20.0,3.0,67,0.3755302123633545,0.360973688279834,435,0.3608910228627561,,0.25587162404770064,0.0001749137019278,validation_patience_exceeded,455,0.014639189500598393,0.03898272101322662,3.8982721013226618,False,True,False,QPC
qpc,20.0,3.0,68,0.4312324425834896,0.4066422687897119,498,0.4065876064041307,,0.2837227391577682,8.340767731273939e-05,max_epochs_reached,500,0.024644836179358864,0.057149772943132525,5.714977294313252,False,False,True,QPC
qpc,20.0,3.0,69,0.4487633683681534,0.4043525105296625,500,0.4043525105296625,,0.29248820205010007,0.0012457775290684,max_epochs_reached,500,0.044410857838490914,0.09896275179496701,9.896275179496701,False,False,True,QPC
qpc,20.0,3.0,70,0.4253695390624951,0.398771324432935,499,0.3987309127065677,,0.28079128739727094,4.3370706712473176e-05,max_epochs_reached,500,0.026638626355927397,0.06262466845801495,6.262466845801495,False,False,True,QPC
qpc,20.0,3.0,71,0.333200992757526,0.3087268454616605,498,0.3086315379848462,,0.2347070142447864,0.0003586682755866,max_epochs_reached,500,0.0245694547726798,0.07373763976315419,7.373763976315419,False,False,True,QPC
hebbian,20.0,3.0,42,0.2922193311449403,0.2526712568454258,500,0.2526712568454258,,0.21421618343849355,0.0001731057100257,max_epochs_reached,500,0.03954807429951451,0.13533695441900362,13.533695441900361,False,False,True,Pure Hebbian
hebbian,20.0,3.0,43,0.549864992091125,0.4467638068224542,500,0.4467638068224542,,0.3430390139115859,0.0003444131404293,max_epochs_reached,500,0.10310118526867085,0.18750272658126352,18.750272658126352,False,False,True,Pure Hebbian
hebbian,20.0,3.0,44,0.4514253010022503,0.3742828906465574,500,0.3742828906465574,,0.29381916836714855,0.0001110740082706,max_epochs_reached,500,0.07714241035569291,0.17088632423663902,17.088632423663903,False,False,True,Pure Hebbian
hebbian,20.0,3.0,45,0.4157229998126722,0.3603628971567517,500,0.3603628971567517,,0.27596801777235946,0.000634324109147,max_epochs_reached,500,0.05536010265592051,0.1331658404294835,13.316584042948351,False,False,True,Pure Hebbian
hebbian,20.0,3.0,46,0.5279073345681804,0.4519760483380047,499,0.4518878332806497,,0.3320601851501136,0.0012390701005989,max_epochs_reached,500,0.07601950128753071,0.14400160086753375,14.400160086753374,False,False,True,Pure Hebbian
hebbian,20.0,3.0,47,0.4651200244573011,0.4232194533339674,500,0.4232194533339674,,0.3006665300946739,0.000203912193629,max_epochs_reached,500,0.04190057112333373,0.0900855024941638,9.00855024941638,False,False,True,Pure Hebbian
hebbian,20.0,3.0,48,0.4570517972051141,0.3868163435932817,500,0.3868163435932817,,0.2966324164685804,0.0008509664208946,max_epochs_reached,500,0.07023545361183237,0.1536706649909799,15.367066499097989,False,False,True,Pure Hebbian
hebbian,20.0,3.0,49,0.4629676596548881,0.4096502047405633,500,0.4096502047405633,,0.2995903476934675,0.0001017501320895,max_epochs_reached,500,0.053317454914324824,0.115164534287491,11.5164534287491,False,False,True,Pure Hebbian
hebbian,20.0,3.0,50,0.4578769396051106,0.3718563285358744,500,0.3718563285358744,,0.2970449876685787,0.0004021532237855,max_epochs_reached,500,0.0860206110692362,0.18786840661471932,18.78684066147193,False,False,True,Pure Hebbian
hebbian,20.0,3.0,51,0.5992197087238005,0.463776734591207,500,0.463776734591207,,0.36771637222792364,0.0009632165183098,max_epochs_reached,500,0.13544297413259349,0.22603224186510107,22.603224186510108,False,False,True,Pure Hebbian
hebbian,20.0,3.0,52,0.4435680802475182,0.3847395340362891,500,0.3847395340362891,,0.28989055798978247,0.0007554008038452,max_epochs_reached,500,0.05882854621122913,0.1326257429939545,13.26257429939545,False,False,True,Pure Hebbian
hebbian,20.0,3.0,53,0.5690558308858504,0.4594918442237297,500,0.4594918442237297,,0.3526344333089486,0.000726516554405,max_epochs_reached,500,0.10956398666212075,0.19253644495929734,19.253644495929734,False,False,True,Pure Hebbian
hebbian,20.0,3.0,54,0.50362613819959,0.4019148930367162,500,0.4019148930367162,,0.3199195869658184,0.0008118394522702,max_epochs_reached,500,0.10171124516287383,0.2019578362760931,20.19578362760931,False,False,True,Pure Hebbian
hebbian,20.0,3.0,55,0.7972371638329011,0.6070289585393611,500,0.6070289585393611,,0.46672509978247395,0.0008023480099705,max_epochs_reached,500,0.19020820529354,0.23858421799991145,23.858421799991145,False,False,True,Pure Hebbian
hebbian,20.0,3.0,56,0.4841253605419141,0.4029988348454915,500,0.4029988348454915,,0.3101691981369804,0.0005607104265199,max_epochs_reached,500,0.08112652569642259,0.1675733855495862,16.75733855495862,False,False,True,Pure Hebbian
hebbian,20.0,3.0,57,0.3709724710047677,0.3170417968054541,499,0.3169505535879573,,0.25359275336840725,0.0001738500842286,max_epochs_reached,500,0.054021917416810394,0.14562244273946706,14.562244273946707,False,False,True,Pure Hebbian
hebbian,20.0,3.0,58,0.4967285440760826,0.4261575638380653,500,0.4261575638380653,,0.3164707899040647,0.000142263123546,max_epochs_reached,500,0.07057098023801728,0.14207152192004516,14.207152192004516,False,False,True,Pure Hebbian
hebbian,20.0,3.0,59,0.4213890368424666,0.366724401953716,499,0.3666302908437326,,0.2788010362872567,3.3450419581354456e-05,max_epochs_reached,500,0.05475874599873398,0.12994819800972934,12.994819800972934,False,False,True,Pure Hebbian
hebbian,20.0,3.0,60,0.4520859396731631,0.3753797076577974,500,0.3753797076577974,,0.29414948770260496,0.0008936507744582,max_epochs_reached,500,0.0767062320153657,0.1696717930905365,16.967179309053652,False,False,True,Pure Hebbian
hebbian,20.0,3.0,61,0.4477091334706438,0.3912077278948723,499,0.3911307496436757,,0.2919610846013453,0.0004560371685947,max_epochs_reached,500,0.05657838382696806,0.12637308376617673,12.637308376617673,False,False,True,Pure Hebbian
hebbian,20.0,3.0,62,0.4836189203719376,0.3959443434807715,500,0.3959443434807715,,0.3099159780519922,0.0006038792378648,max_epochs_reached,500,0.08767457689116609,0.18128855840407992,18.128855840407994,False,False,True,Pure Hebbian
hebbian,20.0,3.0,63,0.550053912771657,0.4508385929848704,500,0.4508385929848704,,0.3431334742518519,0.0005579789219214,max_epochs_reached,500,0.09921531978678666,0.1803738096995844,18.037380969958438,False,False,True,Pure Hebbian
hebbian,20.0,3.0,64,0.4154998661076106,0.3665002946502457,500,0.3665002946502457,,0.2758564509198287,0.0003125321284626,max_epochs_reached,500,0.04899957145736489,0.11792921118456981,11.79292111845698,False,False,True,Pure Hebbian
hebbian,20.0,3.0,65,0.6298863553656033,0.4950788190972845,500,0.4950788190972845,,0.38304969554882506,0.0007947787161539,max_epochs_reached,500,0.13480753626831882,0.2140188227923636,21.401882279236357,False,False,True,Pure Hebbian
hebbian,20.0,3.0,66,0.5093889850305413,0.4466815066645891,500,0.4466815066645891,,0.32280101038129405,0.0001999370903711,max_epochs_reached,500,0.0627074783659522,0.12310332615887339,12.310332615887338,False,False,True,Pure Hebbian
hebbian,20.0,3.0,67,0.3755302123633545,0.3182368384353701,500,0.3182368384353701,,0.25587162404770064,0.0001988418684182,max_epochs_reached,500,0.05729337392798439,0.15256661659102044,15.256661659102043,False,False,True,Pure Hebbian
hebbian,20.0,3.0,68,0.4312324425834896,0.3691485061093538,500,0.3691485061093538,,0.2837227391577682,3.532416242950649e-05,max_epochs_reached,500,0.06208393647413579,0.14396861261688565,14.396861261688565,False,False,True,Pure Hebbian
hebbian,20.0,3.0,69,0.4487633683681534,0.363907756496807,500,0.363907756496807,,0.29248820205010007,0.0008305104911833,max_epochs_reached,500,0.08485561187134638,0.18908765254149068,18.908765254149067,False,False,True,Pure Hebbian
hebbian,20.0,3.0,70,0.4253695390624951,0.3639585940950936,499,0.3638682031119807,,0.28079128739727094,4.441924009216737e-05,max_epochs_reached,500,0.06150133595051438,0.14458331004627634,14.458331004627635,False,False,True,Pure Hebbian
hebbian,20.0,3.0,71,0.333200992757526,0.2850787494359471,500,0.2850787494359471,,0.2347070142447864,0.0002873550258557,max_epochs_reached,500,0.04812224332157894,0.14442406945827446,14.442406945827447,False,False,True,Pure Hebbian
anti_hebbian,20.0,3.0,42,0.2922193311449403,0.2530927120555897,499,0.2530213866618443,,0.21421618343849355,0.0001732659760068,max_epochs_reached,500,0.03919794448309599,0.13413877969508414,13.413877969508414,False,False,True,Anti-Hebbian
anti_hebbian,20.0,3.0,43,0.549864992091125,0.4474934276207046,500,0.4474934276207046,,0.3430390139115859,0.0003470736771368,max_epochs_reached,500,0.10237156447042045,0.18617581759679505,18.617581759679506,False,False,True,Anti-Hebbian
anti_hebbian,20.0,3.0,44,0.4514253010022503,0.3749112714573618,500,0.3749112714573618,,0.29381916836714855,0.0001110325227073,max_epochs_reached,500,0.0765140295448885,0.1694943313434421,16.94943313434421,False,False,True,Anti-Hebbian
anti_hebbian,20.0,3.0,45,0.4157229998126722,0.3606790848871297,500,0.3606790848871297,,0.27596801777235946,0.0006393145729562,max_epochs_reached,500,0.0550439149255425,0.13240526733027927,13.240526733027927,False,False,True,Anti-Hebbian
anti_hebbian,20.0,3.0,46,0.5279073345681804,0.4525145975204289,499,0.4524279573401514,,0.3320601851501136,0.001245654786377,max_epochs_reached,500,0.075479377228029,0.14297845906946888,14.297845906946888,False,False,True,Anti-Hebbian
anti_hebbian,20.0,3.0,47,0.4651200244573011,0.4235501904663876,500,0.4235501904663876,,0.3006665300946739,0.0002053048439526,max_epochs_reached,500,0.04156983399091352,0.08937442338548404,8.937442338548404,False,False,True,Anti-Hebbian
anti_hebbian,20.0,3.0,48,0.4570517972051141,0.3874009024935917,500,0.3874009024935917,,0.2966324164685804,0.0008580401152337,max_epochs_reached,500,0.06965089471152236,0.15239168763242972,15.239168763242972,False,False,True,Anti-Hebbian
anti_hebbian,20.0,3.0,49,0.4629676596548881,0.4100986708866859,500,0.4100986708866859,,0.2995903476934675,0.0001030394783225,max_epochs_reached,500,0.05286898876820223,0.11419585723895397,11.419585723895397,False,False,True,Anti-Hebbian
anti_hebbian,20.0,3.0,50,0.4578769396051106,0.3726196084902722,500,0.3726196084902722,,0.2970449876685787,0.0004013646664381,max_epochs_reached,500,0.08525733111483841,0.1862014085888828,18.620140858888277,False,False,True,Anti-Hebbian
anti_hebbian,20.0,3.0,51,0.5992197087238005,0.4648394420667471,500,0.4648394420667471,,0.36771637222792364,0.0009891619405107,max_epochs_reached,500,0.13438026665705338,0.2242587563470706,22.42587563470706,False,False,True,Anti-Hebbian
anti_hebbian,20.0,3.0,52,0.4435680802475182,0.385285896293035,500,0.385285896293035,,0.28989055798978247,0.0007585271944854,max_epochs_reached,500,0.0582821839544832,0.13139399913979563,13.139399913979563,False,False,True,Anti-Hebbian
anti_hebbian,20.0,3.0,53,0.5690558308858504,0.4603853529464263,500,0.4603853529464263,,0.3526344333089486,0.0007280798601156,max_epochs_reached,500,0.10867047793942414,0.19096628492542914,19.096628492542912,False,False,True,Anti-Hebbian
anti_hebbian,20.0,3.0,54,0.50362613819959,0.4027425649257692,500,0.4027425649257692,,0.3199195869658184,0.0008129185190462,max_epochs_reached,500,0.1008835732738208,0.20031441107180986,20.031441107180985,False,False,True,Anti-Hebbian
anti_hebbian,20.0,3.0,55,0.7972371638329011,0.6081608444485739,500,0.6081608444485739,,0.46672509978247395,0.0007974255233531,max_epochs_reached,500,0.18907631938432723,0.23716445740599865,23.716445740599866,False,False,True,Anti-Hebbian
anti_hebbian,20.0,3.0,56,0.4841253605419141,0.4036925991584817,500,0.4036925991584817,,0.3101691981369804,0.0005640396708607,max_epochs_reached,500,0.08043276138343236,0.16614035937592395,16.614035937592394,False,False,True,Anti-Hebbian
anti_hebbian,20.0,3.0,57,0.3709724710047677,0.3176037358260419,499,0.3175142153650132,,0.25359275336840725,0.000175921519356,max_epochs_reached,500,0.05345825563975454,0.14410302601420658,14.410302601420657,False,False,True,Anti-Hebbian
anti_hebbian,20.0,3.0,58,0.4967285440760826,0.4266862669635378,500,0.4266862669635378,,0.3164707899040647,0.0001426273789986,max_epochs_reached,500,0.07004227711254479,0.14100715158784313,14.100715158784313,False,False,True,Anti-Hebbian
anti_hebbian,20.0,3.0,59,0.4213890368424666,0.3672333977652441,499,0.3671411407456513,,0.2788010362872567,3.2737342569286274e-05,max_epochs_reached,500,0.054247896096815296,0.12873589807486022,12.873589807486022,False,False,True,Anti-Hebbian
anti_hebbian,20.0,3.0,60,0.4520859396731631,0.3759675443191129,500,0.3759675443191129,,0.29414948770260496,0.0008933683540734,max_epochs_reached,500,0.07611839535405018,0.16837151672772707,16.837151672772706,False,False,True,Anti-Hebbian
anti_hebbian,20.0,3.0,61,0.4477091334706438,0.3917075234220289,499,0.3916315783921332,,0.2919610846013453,0.0004596027447989,max_epochs_reached,500,0.05607755507851059,0.12525443616438436,12.525443616438437,False,False,True,Anti-Hebbian
anti_hebbian,20.0,3.0,62,0.4836189203719376,0.3967201566621581,500,0.3967201566621581,,0.3099159780519922,0.0006101316206572,max_epochs_reached,500,0.0868987637097795,0.17968437554706942,17.96843755470694,False,False,True,Anti-Hebbian
anti_hebbian,20.0,3.0,63,0.550053912771657,0.4518196044884495,500,0.4518196044884495,,0.3431334742518519,0.0005585614561536,max_epochs_reached,500,0.09823430828320756,0.178590327243045,17.859032724304498,False,False,True,Anti-Hebbian
anti_hebbian,20.0,3.0,64,0.4154998661076106,0.3667374343821761,500,0.3667374343821761,,0.2758564509198287,0.0003143007446123,max_epochs_reached,500,0.048762431725434485,0.11735847759047285,11.735847759047285,False,False,True,Anti-Hebbian
anti_hebbian,20.0,3.0,65,0.6298863553656033,0.4960872559948938,500,0.4960872559948938,,0.38304969554882506,0.0008025868677368,max_epochs_reached,500,0.13379909937070955,0.21241784050560816,21.241784050560817,False,False,True,Anti-Hebbian
anti_hebbian,20.0,3.0,66,0.5093889850305413,0.4472123643170153,500,0.4472123643170153,,0.32280101038129405,0.0001998099485358,max_epochs_reached,500,0.06217662071352603,0.12206118023890548,12.206118023890548,False,False,True,Anti-Hebbian
anti_hebbian,20.0,3.0,67,0.3755302123633545,0.3189754689263632,500,0.3189754689263632,,0.25587162404770064,0.0001989251422942,max_epochs_reached,500,0.056554743436991295,0.15059971628133667,15.059971628133667,False,False,True,Anti-Hebbian
anti_hebbian,20.0,3.0,68,0.4312324425834896,0.3697598635372809,500,0.3697598635372809,,0.2837227391577682,3.616014216668249e-05,max_epochs_reached,500,0.061472579046208675,0.14255091448576984,14.255091448576984,False,False,True,Anti-Hebbian
anti_hebbian,20.0,3.0,69,0.4487633683681534,0.3646503698084936,500,0.3646503698084936,,0.29248820205010007,0.0008383296202095,max_epochs_reached,500,0.08411299855965981,0.18743285323292203,18.743285323292202,False,False,True,Anti-Hebbian
anti_hebbian,20.0,3.0,70,0.4253695390624951,0.364510495266714,499,0.3644218460410762,,0.28079128739727094,4.4201062969041906e-05,max_epochs_reached,500,0.06094769302141889,0.14328175251040834,14.328175251040834,False,False,True,Anti-Hebbian
anti_hebbian,20.0,3.0,71,0.333200992757526,0.2856244067265506,499,0.285524799286732,,0.2347070142447864,0.0002878562640399,max_epochs_reached,500,0.04767619347079399,0.1430853884204615,14.30853884204615,False,False,True,Anti-Hebbian
