learning_rule,seed,initial_validation_loss,best_validation_loss,best_epoch,epochs_executed,relative_improvement_pct
gradient_descent,42,0.2769480737795734,0.10799061127762291,30,500,61.006910138839224
gradient_descent,43,0.5136488766629909,0.11363274897780928,40,500,77.87734887769166
gradient_descent,44,0.4254078572779929,0.12067551465597158,36,500,71.63298406660287
gradient_descent,45,0.39641804140245834,0.13041209913646093,40,500,67.10238043781118
gradient_descent,46,0.5005175748134935,0.17802059977710627,39,500,64.43269752446923
gradient_descent,47,0.448814759129357,0.1837777168469809,58,500,59.052657447476534
gradient_descent,48,0.43221871198867,0.107068289068613,37,500,75.22821523020511
gradient_descent,49,0.4433517179367634,0.1625730412345826,31,500,63.33090982681815
gradient_descent,50,0.42929207887148985,0.16243451455668817,35,500,62.16223812382209
gradient_descent,51,0.5505621664305397,0.1843131024526792,27,500,66.5227446252552
gradient_descent,52,0.42400202044150126,0.14235154905543573,35,500,66.42668143250611
gradient_descent,53,0.5324454919227428,0.12058879554877192,33,500,77.3518984801041
gradient_descent,54,0.4693857451320706,0.1465934705409901,26,500,68.7690834113969
gradient_descent,55,0.7395699619411082,0.1721138730574082,36,500,76.72784429945337
gradient_descent,56,0.4572027152839736,0.1567434193010666,33,500,65.716866050607
gradient_descent,57,0.3514699354090812,0.12627527985855705,31,500,64.07223857950089
gradient_descent,58,0.4711508721609936,0.17024653248863106,42,500,63.865813999712316
gradient_descent,59,0.40059647586352903,0.15256740219083342,41,500,61.91494149768595
gradient_descent,60,0.4257751984194642,0.11180783444152435,32,500,73.74017207752581
gradient_descent,61,0.42914434251186306,0.21337109973183785,36,500,50.2798758844317
gradient_descent,62,0.4537863439910701,0.1508283584831904,33,500,66.76225265911518
gradient_descent,63,0.5191909694846105,0.1614045629420256,25,500,68.91229385167304
gradient_descent,64,0.39957508324913,0.18950885764259573,31,500,52.57240363898282
gradient_descent,65,0.5873097478519198,0.12747433500399616,31,500,78.29521211418124
gradient_descent,66,0.48844979956068185,0.19678642441649646,39,500,59.712047257775765
gradient_descent,67,0.35398163436491936,0.1326460184552167,57,500,62.527429228581944
gradient_descent,68,0.4088906673425828,0.13259697134119833,64,500,67.57153392544811
gradient_descent,69,0.42030661202246666,0.10751011427264193,37,500,74.42102712700243
gradient_descent,70,0.4027575459133176,0.16695733269632124,28,500,58.54644204921882
gradient_descent,71,0.3158256702536711,0.14775200586802312,30,500,53.21722716543316
chl,42,0.2719188973873524,0.1283426230495667,6,500,52.80113876501169
chl,43,0.45725156175613824,0.20890462491182135,6,500,54.312977278963444
chl,44,0.38346181208821395,0.13910370944679262,5,500,63.72423405363965
chl,45,0.3761583505552038,0.16260657988724478,5,500,56.77177453398548
chl,46,0.5072355392251758,0.28496662511738363,4,500,43.81966501150877
chl,47,0.4458302845345416,0.24373586245179155,9,500,45.32989998509004
chl,48,0.4106177518584977,0.20339364882909558,5,500,50.46642579174543
chl,49,0.3848330364668547,0.15294970103245753,4,500,60.255568898999414
chl,50,0.4550741624655029,0.34644631592291364,6,500,23.8703612514639
chl,51,0.550643675467149,0.405731415474217,5,500,26.316884484325175
chl,52,0.41324515264678485,0.21514545163636942,5,500,47.93757403846385
chl,53,0.40945253463893905,0.17894538163863416,5,500,56.296428401296694
chl,54,0.44841227745342116,0.32069087444575417,5,500,28.483029887809895
chl,55,0.6404345260284235,0.2565070742136319,5,500,59.94796286135147
chl,56,0.45862753164085507,0.2495915616941354,5,500,45.57859167303826
chl,57,0.32777791693689096,0.18228905277125973,6,500,44.386414290881916
chl,58,0.46990065627471217,0.2111389153392553,8,500,55.06732912162187
chl,59,0.3710706467563887,0.2203639274370554,7,500,40.614023404086076
chl,60,0.3862005468363858,0.16322143378603027,4,500,57.73661246130261
chl,61,0.42170447739268047,0.3674096395207075,5,500,12.875091629965073
chl,62,0.4447590419737598,0.25202883469357507,5,500,43.33362317377137
chl,63,0.450389416188189,0.24518671859439767,4,500,45.56117222524835
chl,64,0.35417963589963203,0.20600234215269533,4,500,41.83676268415596
chl,65,0.5560026039053351,0.27865974068622373,5,500,49.881576321957596
chl,66,0.4607880075351961,0.22404998101320384,6,500,51.37677688018164
chl,67,0.32311599218076215,0.1958748000073625,20,500,39.379416448758306
chl,68,0.39522338100087073,0.21272008418430755,7,500,46.177252052848836
chl,69,0.4112210276273322,0.21314192169946852,5,500,48.16852559090734
chl,70,0.39356292716183966,0.31085406679858657,4,500,21.01540939328409
chl,71,0.32074142036627307,0.2379753764141779,6,500,25.804601057630737
qpc,42,0.2895891053722754,0.26695920967392794,12,500,7.814484481125783
qpc,43,0.5385855457564124,0.5099595746202611,88,500,5.3150277354635955
qpc,44,0.4422406479001467,0.4178845379900331,53,500,5.507433571690356
qpc,45,0.41024443169247504,0.38105051420920166,65,500,7.116225164308276
qpc,46,0.5208413927728868,0.46451665190900143,10,500,10.81418290585936
qpc,47,0.4627948100211618,0.4231676411595694,169,500,8.562578491271411
qpc,48,0.4509031235330498,0.41241523762016974,89,500,8.535732822453824
qpc,49,0.45834789293364064,0.4503213203404262,5,500,1.7511965729438916
qpc,50,0.4463921218183538,0.3955200146951756,8,500,11.396282469312736
qpc,51,0.5843329380632936,0.5213336225610151,74,500,10.781407550134459
qpc,52,0.43702083370880473,0.4070215634140643,64,500,6.864494317158687
qpc,53,0.5556459810717606,0.5267800665579165,41,500,5.195019040390758
qpc,54,0.49076598893220064,0.4468320064528422,7,500,8.95212452984958
qpc,55,0.7662838800077373,0.7033616659358456,5,500,8.211345131161618
qpc,56,0.47417779799136495,0.42320186106055124,54,500,10.750384591338879
qpc,57,0.36576991442579654,0.35689350636825656,52,500,2.426773692274442
qpc,58,0.4908588661862585,0.4487985996243961,54,500,8.568708738756381
qpc,59,0.41702516581032945,0.40605674779833606,50,500,2.630157340907824
qpc,60,0.4440064410606023,0.413335262905627,52,500,6.9078227968294215
qpc,61,0.43976583377420714,0.417399815666924,7,500,5.085892625020683
qpc,62,0.47326060493462235,0.428503456335146,51,500,9.457188731282463
qpc,63,0.5359060770549896,0.49583143932305473,46,500,7.477921868727533
qpc,64,0.409977182629896,0.3961535045729235,6,500,3.371816443124287
qpc,65,0.6108618394614586,0.5440724756888408,44,500,10.93362843413167
qpc,66,0.5028768614264498,0.4782742161258232,108,500,4.892379663450663
qpc,67,0.37045056097486145,0.35735992173466685,91,500,3.5337074954741143
qpc,68,0.4255742842018556,0.3993387067205324,63,500,6.164746897366413
qpc,69,0.43827170590282527,0.3958679807596004,53,500,9.675213930562688
qpc,70,0.42033183255393536,0.38336620417683004,59,500,8.794391838586723
qpc,71,0.32837735731244755,0.29416426621983816,62,500,10.418833799206196
hebbian,42,0.28317726203208465,0.11752775101463189,146,500,58.49675564653361
hebbian,43,0.5259855146260302,0.09411439777650003,209,500,82.10703619026194
hebbian,44,0.4337172031903109,0.09992103455177583,175,500,76.96170827055447
hebbian,45,0.4032747080073401,0.10875068488629301,350,500,73.03310058206934
hebbian,46,0.5105802343223935,0.1349657274086942,310,500,73.56620598762282
hebbian,47,0.45572031335568114,0.13546703633666568,295,500,70.27408426471958
hebbian,48,0.4414640025724334,0.0994402726999794,232,500,77.47488535406379
hebbian,49,0.4507658263072908,0.15445427423909625,284,500,65.73514112540477
hebbian,50,0.43774313059909986,0.13741054379098053,173,500,68.60932035577143
hebbian,51,0.5672166701515182,0.14276084340397835,142,500,74.83133854901634
hebbian,52,0.43045421949658924,0.11679238932395265,268,500,72.86763980138471
hebbian,53,0.543965487341084,0.12447841579501653,192,500,77.11648648823845
hebbian,54,0.4799703955323632,0.11108453715291189,169,500,76.85596066196926
hebbian,55,0.7528357246062363,0.1500668950869012,138,500,80.06644873748621
hebbian,56,0.4656103811304356,0.12679244577911317,169,500,72.76855265312616
hebbian,57,0.3585139778883424,0.11161028102029971,303,500,68.86863890839419
hebbian,58,0.48090016308440386,0.1512672804250994,202,500,68.54497210920051
hebbian,59,0.4087220472844283,0.12625308646361,305,500,69.11028232941129
hebbian,60,0.43479641152795384,0.10028178750197039,169,500,76.93592107865797
hebbian,61,0.43438798831724956,0.1439353310716968,382,500,66.8647994551416
hebbian,62,0.4633976377266157,0.09949100268276212,165,500,78.53010145436747
hebbian,63,0.5274934711990951,0.1503588637971633,134,500,71.49559719566416
hebbian,64,0.4047352289277589,0.14198753098060957,260,500,64.91841558819361
hebbian,65,0.5989994802260648,0.08969701937770654,176,500,85.0255263420505
hebbian,66,0.4955738314110982,0.15052353640978208,212,500,69.62641550681137
hebbian,67,0.36207122851825513,0.11317305313443256,251,500,68.74287592593772
hebbian,68,0.41712971612910904,0.12864337661446684,342,500,69.15986283397527
hebbian,69,0.4292066588915654,0.09352765659290685,213,500,78.20917857275471
hebbian,70,0.4114353080840228,0.1309596933948174,233,500,68.17004014442219
hebbian,71,0.3220139440250656,0.13148850085448927,248,500,59.166830103402546
anti_hebbian,42,0.28316897001260927,0.12631778957642942,107,500,55.39137301279706
anti_hebbian,43,0.526017728374783,0.0828694468804412,237,500,84.24588328296846
anti_hebbian,44,0.4337491937602167,0.09813864098813739,176,500,77.37433466161323
anti_hebbian,45,0.4032717848179467,0.12251522662838811,245,500,69.61968795220909
anti_hebbian,46,0.5105607770530566,0.1359109327909437,266,500,73.38006778048678
anti_hebbian,47,0.45571934607434045,0.12329066248413005,357,500,72.94592306730425
anti_hebbian,48,0.44148330226018173,0.09373311863477768,217,500,78.76859257079276
anti_hebbian,49,0.4507844022945024,0.17112405117833207,231,500,62.038604195862376
anti_hebbian,50,0.4377689291082984,0.12284431183676082,200,500,71.93854938791905
anti_hebbian,51,0.5672772515255758,0.11356754575666725,257,500,79.98023974145788
anti_hebbian,52,0.430474536896651,0.12423453962546731,247,500,71.14009564396285
anti_hebbian,53,0.5439987353188797,0.10561991703322587,238,500,80.58452893804727
anti_hebbian,54,0.479991502492638,0.09531157086036833,238,500,80.14307120742617
anti_hebbian,55,0.75291697565067,0.11974678354803746,182,500,84.09561911596528
anti_hebbian,56,0.4656239182942485,0.08856880388645766,338,500,80.97846772757771
anti_hebbian,57,0.35855714124311977,0.12931810775140282,163,500,63.93375200866001
anti_hebbian,58,0.4808949494281378,0.14531119261026662,246,500,69.78317348039
anti_hebbian,59,0.4087390455936975,0.12092654934233357,347,500,70.41473021822846
anti_hebbian,60,0.4348094990539766,0.08100025454492663,253,500,81.37109361199319
anti_hebbian,61,0.4344173137085187,0.16239840936142189,328,500,62.61695741933839
anti_hebbian,62,0.46343138793279515,0.08481559078890562,200,500,81.69834996130965
anti_hebbian,63,0.5275423742969465,0.13590111390573129,180,500,74.23882506370296
anti_hebbian,64,0.4047325725692665,0.12106141247073506,366,500,70.08854224352885
anti_hebbian,65,0.5990352121931638,0.07842256110819795,187,500,86.90852231856616
anti_hebbian,66,0.49559251698324425,0.12722228574172814,279,500,74.32925611626426
anti_hebbian,67,0.36210624195355606,0.11068851289654029,226,500,69.43203400764982
anti_hebbian,68,0.41714246132832816,0.12791043323545098,320,500,69.33651088212424
anti_hebbian,69,0.42922849858187273,0.10042753726313197,202,500,76.60277973272177
anti_hebbian,70,0.41144031568984996,0.12261742852905186,280,500,70.19800348843725
anti_hebbian,71,0.3220211589038391,0.14400803184448557,157,500,55.27994733802918
