learning_rule,seed,n_examples_per_object,initial_loss,final_loss,improvement_pct,acquisition_epoch
gradient_descent,42,1,0.40258709978027546,0.20591976148248145,48.85087932651875,9.0
gradient_descent,43,1,0.38316876859405213,0.12005302487884936,68.66836894892145,15.0
gradient_descent,44,1,0.4439462774597136,0.20787795062539755,53.17497607708589,9.0
gradient_descent,45,1,0.5241948819023889,0.29207602744796757,44.28102266317902,10.0
gradient_descent,46,1,0.41650369051155334,0.13516183512221058,67.54846638784792,12.0
gradient_descent,47,1,0.3307438250337732,0.7832745041619948,-136.82210970439507,14.0
gradient_descent,48,1,0.41724759903601094,0.1208404672406992,71.03866684436693,6.0
gradient_descent,49,1,0.38228945068690284,0.27336403300811807,28.492917469489708,11.0
gradient_descent,50,1,0.4789846924176953,0.41876651049682706,12.572047264582597,12.0
gradient_descent,51,1,0.42268096454110643,0.250944915480332,40.63018291992964,13.0
gradient_descent,52,1,0.4677761136826522,0.20678224458685082,55.794612307387794,13.0
gradient_descent,53,1,0.4079857333390199,0.30624929745350266,24.936272906625955,27.0
gradient_descent,54,1,0.339052088214015,0.24602250496720063,27.438139000073825,14.0
gradient_descent,55,1,0.3833595682443296,0.404697494031082,-5.566034489362992,
gradient_descent,56,1,0.4475394045656943,0.2009188465378147,55.105886881001595,15.0
gradient_descent,57,1,0.45088023730005333,0.30271171730909086,32.862056868631115,11.0
gradient_descent,58,1,0.3594046340694129,0.3745413616084235,-4.211611677796889,
gradient_descent,59,1,0.41324272821467284,0.4698527548261371,-13.698977077233954,12.0
gradient_descent,60,1,0.34448476872736455,0.21455005019381043,37.71856706860335,
gradient_descent,61,1,0.5351177922428132,0.2576003599552384,51.86099888856796,10.0
gradient_descent,62,1,0.4238117802086161,0.7613217691818694,-79.6367644162978,18.0
gradient_descent,63,1,0.46533883368048734,0.20788673507997987,55.32572825789136,6.0
gradient_descent,64,1,0.33663098925794355,0.15262556298673832,54.660869659332235,9.0
gradient_descent,65,1,0.41401961433399126,0.13134983042769552,68.27449089845896,10.0
gradient_descent,66,1,0.4378219821874718,0.15951601475458346,63.56601056036515,19.0
gradient_descent,67,1,0.4658865859235151,0.8624254668595578,-85.11489553836236,13.0
gradient_descent,68,1,0.3932595097665841,0.2182349494982554,44.50612278192918,9.0
gradient_descent,69,1,0.4015434255849945,0.2840398627519003,29.262977637327126,15.0
gradient_descent,70,1,0.48887933696525576,0.10212294945743479,79.11080675011377,10.0
gradient_descent,71,1,0.4019989701586305,0.32901048036876773,18.156387256679096,11.0
gradient_descent,42,2,0.40258709978027546,0.06655091603167122,83.4691881414001,4.0
gradient_descent,43,2,0.38316876859405213,0.21975104267085682,42.649020305808925,6.0
gradient_descent,44,2,0.4439462774597136,0.05862796602880907,86.79390525261712,4.0
gradient_descent,45,2,0.5241948819023889,0.09234607905025928,82.38325435091616,4.0
gradient_descent,46,2,0.41650369051155334,0.09903706705818112,76.22180323623472,5.0
gradient_descent,47,2,0.3307438250337732,0.11859419619510789,64.14318659373372,6.0
gradient_descent,48,2,0.41724759903601094,0.07634001549287137,81.70390538633566,4.0
gradient_descent,49,2,0.38228945068690284,0.09174050991977997,76.00234331474766,4.0
gradient_descent,50,2,0.4789846924176953,0.07991516724672368,83.31571582311983,5.0
gradient_descent,51,2,0.42268096454110643,0.08849781463623145,79.06273949849832,4.0
gradient_descent,52,2,0.4677761136826522,0.10734258012979532,77.05257344486417,7.0
gradient_descent,53,2,0.4079857333390199,0.08905309097419818,78.172498767206,4.0
gradient_descent,54,2,0.339052088214015,0.07111288241273628,79.02597126378743,5.0
gradient_descent,55,2,0.3833595682443296,0.10578137788613068,72.40674639462443,3.0
gradient_descent,56,2,0.4475394045656943,0.07905572629481301,82.33547135999542,4.0
gradient_descent,57,2,0.45088023730005333,0.09019549472833271,79.99568682175149,5.0
gradient_descent,58,2,0.3594046340694129,0.05173813336971254,85.60448907297055,3.0
gradient_descent,59,2,0.41324272821467284,0.0832794632599295,79.847325173822,4.0
gradient_descent,60,2,0.34448476872736455,0.0629049335816498,81.73941512304289,6.0
gradient_descent,61,2,0.5351177922428132,0.04333475747079759,91.90182832658755,4.0
gradient_descent,62,2,0.4238117802086161,0.1995852287760293,52.907106858194,5.0
gradient_descent,63,2,0.46533883368048734,0.07669141879838096,83.51923088133258,4.0
gradient_descent,64,2,0.33663098925794355,0.09502095877739139,71.77296154853362,4.0
gradient_descent,65,2,0.41401961433399126,0.10978437740397738,73.48329074201449,4.0
gradient_descent,66,2,0.4378219821874718,0.08039151282252738,81.63831052500595,6.0
gradient_descent,67,2,0.4658865859235151,0.11527813349089859,75.25618101616176,5.0
gradient_descent,68,2,0.3932595097665841,0.08149967467401865,79.27585407346103,5.0
gradient_descent,69,2,0.4015434255849945,0.0856607301125753,78.6671317086616,5.0
gradient_descent,70,2,0.48887933696525576,0.05529050846780801,88.69035684530527,4.0
gradient_descent,71,2,0.4019989701586305,0.09413675509466977,76.58283675266058,5.0
gradient_descent,42,5,0.40258709978027546,0.04915852892996896,87.78934323608512,2.0
gradient_descent,43,5,0.38316876859405213,0.04926998437365594,87.14144042729772,2.0
gradient_descent,44,5,0.4439462774597136,0.0814806997932295,81.64627029660733,2.0
gradient_descent,45,5,0.5241948819023889,0.06119752301935233,88.32542530799681,2.0
gradient_descent,46,5,0.41650369051155334,0.08294936046871748,80.08436363028659,2.0
gradient_descent,47,5,0.3307438250337732,0.06975487557466108,78.90969678193139,2.0
gradient_descent,48,5,0.41724759903601094,0.05518474496467195,86.77410125494595,2.0
gradient_descent,49,5,0.38228945068690284,0.07420493044781992,80.58933347114666,2.0
gradient_descent,50,5,0.4789846924176953,0.055040507101055784,88.50892148071861,2.0
gradient_descent,51,5,0.42268096454110643,0.06302069079143874,85.09024629016388,2.0
gradient_descent,52,5,0.4677761136826522,0.049279598451966986,89.46513149976718,2.0
gradient_descent,53,5,0.4079857333390199,0.061109706531540596,85.02160699801703,2.0
gradient_descent,54,5,0.339052088214015,0.055643225718729684,83.58859076437636,2.0
gradient_descent,55,5,0.3833595682443296,0.07696592396263591,79.92330690606825,2.0
gradient_descent,56,5,0.4475394045656943,0.06982521312686321,84.3979742533233,2.0
gradient_descent,57,5,0.45088023730005333,0.07213015010444872,84.00237044400612,2.0
gradient_descent,58,5,0.3594046340694129,0.06398395062504861,82.19723827693018,2.0
gradient_descent,59,5,0.41324272821467284,0.05410135642914909,86.90809233041257,2.0
gradient_descent,60,5,0.34448476872736455,0.05340559945275108,84.49696349419214,2.0
gradient_descent,61,5,0.5351177922428132,0.04836125354781349,90.96250316306633,2.0
gradient_descent,62,5,0.4238117802086161,0.059355503330136575,85.9948434418412,2.0
gradient_descent,63,5,0.46533883368048734,0.0907273783996365,80.50294283800692,2.0
gradient_descent,64,5,0.33663098925794355,0.055549252429904314,83.49847334247065,2.0
gradient_descent,65,5,0.41401961433399126,0.08763684210612573,78.83268350773625,2.0
gradient_descent,66,5,0.4378219821874718,0.07455347082433576,82.97173877568976,2.0
gradient_descent,67,5,0.4658865859235151,0.08093178020325517,82.62843733892313,2.0
gradient_descent,68,5,0.3932595097665841,0.06404526167356629,83.71424973001166,2.0
gradient_descent,69,5,0.4015434255849945,0.05655436835442337,85.91575287977102,2.0
gradient_descent,70,5,0.48887933696525576,0.048144280129689604,90.15211392885864,2.0
gradient_descent,71,5,0.4019989701586305,0.03573778992942932,91.10997973071248,3.0
gradient_descent,42,10,0.40258709978027546,0.061592468832708636,84.70083396454466,1.0
gradient_descent,43,10,0.38316876859405213,0.047586633833583525,87.58076395208526,1.0
gradient_descent,44,10,0.4439462774597136,0.05351366936579346,87.94591325959487,1.0
gradient_descent,45,10,0.5241948819023889,0.0600158391691013,88.55085365364614,1.0
gradient_descent,46,10,0.41650369051155334,0.11389155559853208,72.65533098670758,1.0
gradient_descent,47,10,0.3307438250337732,0.05552536229819606,83.21197310561242,1.0
gradient_descent,48,10,0.41724759903601094,0.06818834632420856,83.65758209711747,1.0
gradient_descent,49,10,0.38228945068690284,0.058150442413236,84.78889691861743,1.0
gradient_descent,50,10,0.4789846924176953,0.05809565606691166,87.87108294136262,1.0
gradient_descent,51,10,0.42268096454110643,0.06860179754799406,83.76983983121332,1.0
gradient_descent,52,10,0.4677761136826522,0.05546403933490355,88.1430372965706,1.0
gradient_descent,53,10,0.4079857333390199,0.06275894228453413,84.61736841361952,1.0
gradient_descent,54,10,0.339052088214015,0.05466854136197335,83.87606410273288,1.0
gradient_descent,55,10,0.3833595682443296,0.06364032330821699,83.39931266104291,1.0
gradient_descent,56,10,0.4475394045656943,0.07527053883205108,83.18124883213449,1.0
gradient_descent,57,10,0.45088023730005333,0.0528459164809425,88.27938948990253,1.0
gradient_descent,58,10,0.3594046340694129,0.06067214491104488,83.11870823030982,1.0
gradient_descent,59,10,0.41324272821467284,0.054716865779924295,86.75914612791449,1.0
gradient_descent,60,10,0.34448476872736455,0.0533767797907047,84.50532951343672,1.0
gradient_descent,61,10,0.5351177922428132,0.05366531383409754,89.97130825922032,1.0
gradient_descent,62,10,0.4238117802086161,0.05597749564663843,86.79189719099261,1.0
gradient_descent,63,10,0.46533883368048734,0.06573677140221568,85.87335364162792,1.0
gradient_descent,64,10,0.33663098925794355,0.053148392489066866,84.21167563740191,1.0
gradient_descent,65,10,0.41401961433399126,0.07583919292427782,81.68222221880096,1.0
gradient_descent,66,10,0.4378219821874718,0.06661569360141427,84.78475355015638,1.0
gradient_descent,67,10,0.4658865859235151,0.062347401910016795,86.61747219306022,1.0
gradient_descent,68,10,0.3932595097665841,0.055744675153702704,85.82496449054989,1.0
gradient_descent,69,10,0.4015434255849945,0.051650936179271266,87.13689905294233,1.0
gradient_descent,70,10,0.48887933696525576,0.0655360245360139,86.5946421579541,1.0
gradient_descent,71,10,0.4019989701586305,0.04339619033739164,89.20490012194128,1.0
gradient_descent,42,20,0.40258709978027546,0.05764802864116098,85.68060708536757,1.0
gradient_descent,43,20,0.38316876859405213,0.0514392646120628,86.57529819019251,1.0
gradient_descent,44,20,0.4439462774597136,0.17903791596467683,59.67126540870166,1.0
gradient_descent,45,20,0.5241948819023889,0.05784512357764283,88.96495834379125,1.0
gradient_descent,46,20,0.41650369051155334,0.06709619022408946,83.89061327603572,1.0
gradient_descent,47,20,0.3307438250337732,0.04942796286979031,85.0555145316037,1.0
gradient_descent,48,20,0.41724759903601094,0.05759253561846875,86.19703606407136,1.0
gradient_descent,49,20,0.38228945068690284,0.054565713456827994,85.72659712194945,1.0
gradient_descent,50,20,0.4789846924176953,0.059632929390904796,87.55013879673167,1.0
gradient_descent,51,20,0.42268096454110643,0.0532341014022567,87.4056070965837,1.0
gradient_descent,52,20,0.4677761136826522,0.05370899228335787,88.5182268370815,1.0
gradient_descent,53,20,0.4079857333390199,0.057687945628300354,85.8603032130136,1.0
gradient_descent,54,20,0.339052088214015,0.08305649782337393,75.50332214118458,1.0
gradient_descent,55,20,0.3833595682443296,0.05620403910908085,85.33908013135598,1.0
gradient_descent,56,20,0.4475394045656943,0.0618470051955247,86.1806570405699,1.0
gradient_descent,57,20,0.45088023730005333,0.05718203780590733,87.31768814079699,1.0
gradient_descent,58,20,0.3594046340694129,0.06078136004014293,83.08832043929516,1.0
gradient_descent,59,20,0.41324272821467284,0.05389035732712922,86.95915169277121,1.0
gradient_descent,60,20,0.34448476872736455,0.05014042216155881,85.44480722709646,1.0
gradient_descent,61,20,0.5351177922428132,0.07580510051889155,85.83394130829151,1.0
gradient_descent,62,20,0.4238117802086161,0.052010774833196244,87.72786004022952,1.0
gradient_descent,63,20,0.46533883368048734,0.06093468462015501,86.90530851719241,1.0
gradient_descent,64,20,0.33663098925794355,0.06062923060293911,81.98940901531738,1.0
gradient_descent,65,20,0.41401961433399126,0.06408429950532181,84.52143394017445,1.0
gradient_descent,66,20,0.4378219821874718,0.05743455290360904,86.88175668643882,1.0
gradient_descent,67,20,0.4658865859235151,0.05923459586928837,87.28561893408691,1.0
gradient_descent,68,20,0.3932595097665841,0.0531035419768461,86.49656507776118,1.0
gradient_descent,69,20,0.4015434255849945,0.06319230139206744,84.26264823038633,1.0
gradient_descent,70,20,0.48887933696525576,0.05643262579964687,88.4567373720568,1.0
gradient_descent,71,20,0.4019989701586305,0.04374561884204152,89.1179773856686,1.0
chl,42,1,0.40258709978027546,0.24608479407599682,38.87414817556119,8.0
chl,43,1,0.38316876859405213,5.3914352228176545,-1307.0654146997056,12.0
chl,44,1,0.4439462774597136,1.8559566263121883,-318.058832913766,8.0
chl,45,1,0.5241948819023889,0.30940704562023774,40.97480606881376,9.0
chl,46,1,0.41650369051155334,0.1625830750060855,60.96479365971533,13.0
chl,47,1,0.3307438250337732,1.0555502370495942,-219.14435195934766,12.0
chl,48,1,0.41724759903601094,0.1710433710454237,59.006745289704675,6.0
chl,49,1,0.38228945068690284,2.6575700850272415,-595.1722262416826,11.0
chl,50,1,0.4789846924176953,0.44569876566912486,6.9492673305608825,11.0
chl,51,1,0.42268096454110643,0.28296781084587636,33.05404440129281,11.0
chl,52,1,0.4677761136826522,0.444906363562043,4.889037608304314,12.0
chl,53,1,0.4079857333390199,18.452975494807156,-4422.946266719937,19.0
chl,54,1,0.339052088214015,0.9945535924090227,-193.33356937806113,11.0
chl,55,1,0.3833595682443296,0.7109824565802721,-85.46099157935613,
chl,56,1,0.4475394045656943,1.0407743636067177,-132.55479919510472,32.0
chl,57,1,0.45088023730005333,0.5407749291779392,-19.937598599617147,10.0
chl,58,1,0.3594046340694129,0.8557290181723154,-138.0962672860378,
chl,59,1,0.41324272821467284,0.5550158903975936,-34.30747899555824,9.0
chl,60,1,0.34448476872736455,0.21532803016593868,37.49272835445574,
chl,61,1,0.5351177922428132,0.480596397671666,10.188671608662892,10.0
chl,62,1,0.4238117802086161,3.414452804384388,-705.6531139138382,
chl,63,1,0.46533883368048734,0.2161962245675728,53.540042455167566,6.0
chl,64,1,0.33663098925794355,0.16012043780377824,52.434433277595275,8.0
chl,65,1,0.41401961433399126,0.24497448245133674,40.83022302085551,9.0
chl,66,1,0.4378219821874718,2.1311274113127268,-386.756603829041,25.0
chl,67,1,0.4658865859235151,1.0429052544045754,-123.85389189458004,13.0
chl,68,1,0.3932595097665841,0.3372091940471155,14.252755325036325,8.0
chl,69,1,0.4015434255849945,0.41543997984051423,-3.460784903967573,14.0
chl,70,1,0.48887933696525576,0.14019609183577117,71.32296637733846,10.0
chl,71,1,0.4019989701586305,0.40380958257109983,-0.4504022514671746,10.0
chl,42,2,0.40258709978027546,0.2886553511814181,28.299900483905017,4.0
chl,43,2,0.38316876859405213,0.9756494239725666,-154.62655204193263,5.0
chl,44,2,0.4439462774597136,0.1998726374950369,54.97819271315445,4.0
chl,45,2,0.5241948819023889,0.26577361848365455,49.29870022402382,4.0
chl,46,2,0.41650369051155334,0.20679289937539064,50.35028402235624,5.0
chl,47,2,0.3307438250337732,0.3974560960103254,-20.17037535613553,5.0
chl,48,2,0.41724759903601094,0.14176607689826395,66.02351284326295,3.0
chl,49,2,0.38228945068690284,0.25509127649585533,33.27273979506787,4.0
chl,50,2,0.4789846924176953,0.6106590641307311,-27.490308938351227,5.0
chl,51,2,0.42268096454110643,0.31514844250113494,25.44058783359613,4.0
chl,52,2,0.4677761136826522,0.2085194922791535,55.42322786908762,7.0
chl,53,2,0.4079857333390199,0.28816561170616445,29.368703815260545,4.0
chl,54,2,0.339052088214015,0.21414925273092902,36.83883386208356,4.0
chl,55,2,0.3833595682443296,0.2694170472464694,29.72210176458678,3.0
chl,56,2,0.4475394045656943,0.3863917265453659,13.663082489835265,4.0
chl,57,2,0.45088023730005333,0.2715072830935847,39.782837961713305,5.0
chl,58,2,0.3594046340694129,0.2572285961308457,28.429248889104098,3.0
chl,59,2,0.41324272821467284,0.31671128837316276,23.35950114804285,4.0
chl,60,2,0.34448476872736455,0.2689593165041811,21.924177519429467,6.0
chl,61,2,0.5351177922428132,0.22198903391126087,58.51585629757348,4.0
chl,62,2,0.4238117802086161,0.42086016075342675,0.6964458264318352,4.0
chl,63,2,0.46533883368048734,0.1939561704562607,58.31936721846094,3.0
chl,64,2,0.33663098925794355,0.22776022166252796,32.341279047245806,4.0
chl,65,2,0.41401961433399126,0.3625974544916685,12.420223115526186,4.0
chl,66,2,0.4378219821874718,0.32035581202560093,26.82966478178632,6.0
chl,67,2,0.4658865859235151,0.3297488484275839,29.221218556028795,5.0
chl,68,2,0.3932595097665841,0.3075449216793959,21.7959352433876,4.0
chl,69,2,0.4015434255849945,0.22451935599271014,44.085909097972205,4.0
chl,70,2,0.48887933696525576,0.20562965141034942,57.93856768690484,4.0
chl,71,2,0.4019989701586305,0.3471641346661404,13.640541285678431,5.0
chl,42,5,0.40258709978027546,0.29249496265692326,27.34616612987312,2.0
chl,43,5,0.38316876859405213,0.21965435411074968,42.674254241356934,2.0
chl,44,5,0.4439462774597136,0.20876236657682018,52.97575919064563,2.0
chl,45,5,0.5241948819023889,0.21674906262228263,58.651053242705295,2.0
chl,46,5,0.41650369051155334,0.29039831422277124,30.277132991042265,2.0
chl,47,5,0.3307438250337732,0.2882331956254459,12.853037967976089,2.0
chl,48,5,0.41724759903601094,0.27919350949515204,33.08685055583604,2.0
chl,49,5,0.38228945068690284,0.2707229356874098,29.183780718779662,2.0
chl,50,5,0.4789846924176953,0.23847806027829863,50.21175748340294,2.0
chl,51,5,0.42268096454110643,0.2554416290050622,39.56632769531308,2.0
chl,52,5,0.4677761136826522,0.2613159634990561,44.13653116192726,2.0
chl,53,5,0.4079857333390199,0.23951646802878854,41.29293049819468,2.0
chl,54,5,0.339052088214015,0.2555381162952596,24.631605237611776,2.0
chl,55,5,0.3833595682443296,0.2317962507655573,39.53555096404304,2.0
chl,56,5,0.4475394045656943,0.2503476254629095,44.061322219022394,2.0
chl,57,5,0.45088023730005333,0.23330736752400624,48.25513557190043,2.0
chl,58,5,0.3594046340694129,0.27464824776940205,23.58244114449609,2.0
chl,59,5,0.41324272821467284,0.21538587064268266,47.879089954417,2.0
chl,60,5,0.34448476872736455,0.17025155749522008,50.577914337349924,2.0
chl,61,5,0.5351177922428132,0.26914929017675365,49.70279551934139,2.0
chl,62,5,0.4238117802086161,0.24811277191347825,41.45684865311016,2.0
chl,63,5,0.46533883368048734,0.2403963850040503,48.33949638316407,2.0
chl,64,5,0.33663098925794355,0.27212619678942646,19.16186997837275,2.0
chl,65,5,0.41401961433399126,0.28669682217671333,30.752840626184952,2.0
chl,66,5,0.4378219821874718,0.2890125298473331,33.98857489901448,2.0
chl,67,5,0.4658865859235151,0.3604273239546858,22.636252074049334,2.0
chl,68,5,0.3932595097665841,0.21442073360641628,45.47602072390215,2.0
chl,69,5,0.4015434255849945,0.23920472160720443,40.42867934925955,2.0
chl,70,5,0.48887933696525576,0.19927325299271106,59.23876549381075,2.0
chl,71,5,0.4019989701586305,0.23359241724887692,41.89228466015713,2.0
chl,42,10,0.40258709978027546,0.26623022047056194,33.87015614363564,1.0
chl,43,10,0.38316876859405213,0.2216972046896676,42.14110781963429,1.0
chl,44,10,0.4439462774597136,0.21505018408718296,51.55941270243043,1.0
chl,45,10,0.5241948819023889,0.23813389708573754,54.57149520012277,1.0
chl,46,10,0.41650369051155334,0.2680659241571363,35.6390038638324,1.0
chl,47,10,0.3307438250337732,0.3137613095022029,5.134643263509508,1.0
chl,48,10,0.41724759903601094,0.24190654466973968,42.02326263143776,1.0
chl,49,10,0.38228945068690284,0.20912758053151742,45.29601061296508,1.0
chl,50,10,0.4789846924176953,0.31551967127137476,34.12739983844244,1.0
chl,51,10,0.42268096454110643,0.2891954705164536,31.58067318446065,1.0
chl,52,10,0.4677761136826522,0.20692729312733743,55.763604195548844,1.0
chl,53,10,0.4079857333390199,0.26416342988600544,35.25179723220955,1.0
chl,54,10,0.339052088214015,0.2628228604970621,22.48304327470646,1.0
chl,55,10,0.3833595682443296,0.2227217349437592,41.902653959112826,1.0
chl,56,10,0.4475394045656943,0.29216986677285994,34.716392837768026,1.0
chl,57,10,0.45088023730005333,0.22691394763866574,49.67312184772954,1.0
chl,58,10,0.3594046340694129,0.24397903700283283,32.115778742098136,1.0
chl,59,10,0.41324272821467284,0.3298711606012558,20.174963023210623,1.0
chl,60,10,0.34448476872736455,0.2293295669662034,33.42824188906256,1.0
chl,61,10,0.5351177922428132,0.3586989117394842,32.96823298734155,1.0
chl,62,10,0.4238117802086161,0.2543195542335814,39.99233477927496,1.0
chl,63,10,0.46533883368048734,0.2511194838091125,46.03513276058601,1.0
chl,64,10,0.33663098925794355,0.23619476108319412,29.835704786462824,1.0
chl,65,10,0.41401961433399126,0.23817834600318996,42.47172410265313,1.0
chl,66,10,0.4378219821874718,0.3048037452752481,30.38180866287942,1.0
chl,67,10,0.4658865859235151,0.28461756704072705,38.90840053346098,1.0
chl,68,10,0.3932595097665841,0.25885608498735385,34.176776769875005,1.0
chl,69,10,0.4015434255849945,0.3107847527789757,22.60245518247389,1.0
chl,70,10,0.48887933696525576,0.2564815964793456,47.53683023883386,1.0
chl,71,10,0.4019989701586305,0.23661749200971222,41.13977657297432,1.0
chl,42,20,0.40258709978027546,0.3189942025195134,20.763928428502933,1.0
chl,43,20,0.38316876859405213,0.2713951278070101,29.170864107001513,1.0
chl,44,20,0.4439462774597136,0.23620129662128703,46.7950721486292,1.0
chl,45,20,0.5241948819023889,0.2900484521630114,44.66782065662714,1.0
chl,46,20,0.41650369051155334,0.29826705606856757,28.387895986651767,1.0
chl,47,20,0.3307438250337732,0.3010859538579418,8.96702188553421,1.0
chl,48,20,0.41724759903601094,0.2309937136290759,44.63869554606118,1.0
chl,49,20,0.38228945068690284,0.2161772757963745,43.45193794703353,1.0
chl,50,20,0.4789846924176953,0.2444161511575831,48.972032921577856,1.0
chl,51,20,0.42268096454110643,0.25143881134031093,40.51333453984818,1.0
chl,52,20,0.4677761136826522,0.24523744248110946,47.57375690895517,1.0
chl,53,20,0.4079857333390199,0.22919831588040573,43.82197779206386,1.0
chl,54,20,0.339052088214015,0.30317876549181644,10.580475380984755,1.0
chl,55,20,0.3833595682443296,0.27783016459214344,27.52752569486625,1.0
chl,56,20,0.4475394045656943,0.2556697444137398,42.87212660930953,1.0
chl,57,20,0.45088023730005333,0.2638289254252268,41.48580851423457,1.0
chl,58,20,0.3594046340694129,0.31619811373000994,12.021692611525525,1.0
chl,59,20,0.41324272821467284,0.24468147042805236,40.78989085055495,1.0
chl,60,20,0.34448476872736455,0.23911374377264297,30.588006936851052,1.0
chl,61,20,0.5351177922428132,0.27486143018634107,48.63534082200337,1.0
chl,62,20,0.4238117802086161,0.24933250861874295,41.16904714257539,1.0
chl,63,20,0.46533883368048734,0.2641757146545944,43.229385657509155,1.0
chl,64,20,0.33663098925794355,0.2868269472602714,14.794847648298292,1.0
chl,65,20,0.41401961433399126,0.23189579933029222,43.9891755603586,1.0
chl,66,20,0.4378219821874718,0.2971721350367174,32.12489387765123,1.0
chl,67,20,0.4658865859235151,0.27102644618659727,41.825660069317415,1.0
chl,68,20,0.3932595097665841,0.2503172552788613,36.3480732030015,1.0
chl,69,20,0.4015434255849945,0.26392195901966714,34.27312160940787,1.0
chl,70,20,0.48887933696525576,0.246755814935388,49.52623351456461,1.0
chl,71,20,0.4019989701586305,0.2902444854028911,27.799694290669596,1.0
qpc,42,1,0.40258709978027546,0.24266722995227463,39.72304873039452,22.0
qpc,43,1,0.38316876859405213,0.32822657542025346,14.338901726097397,35.0
qpc,44,1,0.4439462774597136,0.2248310899977124,49.35623938909705,17.0
qpc,45,1,0.5241948819023889,0.2916262545871346,44.366825267584595,17.0
qpc,46,1,0.41650369051155334,0.33583307938511225,19.368522527942254,22.0
qpc,47,1,0.3307438250337732,0.2733685758442335,17.34733798391578,
qpc,48,1,0.41724759903601094,0.2629881709209354,36.970716780987885,82.0
qpc,49,1,0.38228945068690284,0.3085285732400882,19.29451030214936,22.0
qpc,50,1,0.4789846924176953,0.26808580105956037,44.03040320424729,21.0
qpc,51,1,0.42268096454110643,0.34380229517030675,18.661514472608477,143.0
qpc,52,1,0.4677761136826522,0.2901469001258728,37.97312610906128,
qpc,53,1,0.4079857333390199,0.2538506276257451,37.7795332331375,
qpc,54,1,0.339052088214015,0.28324483270291007,16.45978817150907,
qpc,55,1,0.3833595682443296,0.1737683686096125,54.67222341536462,193.0
qpc,56,1,0.4475394045656943,0.28580117029412916,36.13943992898698,
qpc,57,1,0.45088023730005333,0.27501383449967104,39.00512558578746,
qpc,58,1,0.3594046340694129,0.25374617036532654,29.39819181176173,
qpc,59,1,0.41324272821467284,0.33042266522297997,20.041505230956947,22.0
qpc,60,1,0.34448476872736455,0.20967424854292852,39.133956686232786,120.0
qpc,61,1,0.5351177922428132,0.3388336650264439,36.68054586518104,
qpc,62,1,0.4238117802086161,0.31718319415986884,25.159420060542125,
qpc,63,1,0.46533883368048734,0.2226500982226797,52.15312324963695,9.0
qpc,64,1,0.33663098925794355,0.21904772550924212,34.92942346392335,19.0
qpc,65,1,0.41401961433399126,0.25335943547415013,38.80496800092082,19.0
qpc,66,1,0.4378219821874718,0.3037733378995568,30.61715714185326,179.0
qpc,67,1,0.4658865859235151,0.2656753259627917,42.97424867124039,20.0
qpc,68,1,0.3932595097665841,0.2690477192934951,31.58519689627185,98.0
qpc,69,1,0.4015434255849945,0.30266594601264674,24.62435524334551,29.0
qpc,70,1,0.48887933696525576,0.2823422373992537,42.247050335179225,23.0
qpc,71,1,0.4019989701586305,0.27595591487468807,31.35407417442022,30.0
qpc,42,2,0.40258709978027546,0.2812613643174085,30.13651841529058,8.0
qpc,43,2,0.38316876859405213,0.1694666535428502,55.77232085885593,11.0
qpc,44,2,0.4439462774597136,0.13731279712402597,69.06995190730333,6.0
qpc,45,2,0.5241948819023889,0.3583734980124207,31.63353737605665,8.0
qpc,46,2,0.41650369051155334,0.21846183781746983,47.54864295460307,8.0
qpc,47,2,0.3307438250337732,0.2652144467386155,19.812729168402864,13.0
qpc,48,2,0.41724759903601094,0.2278117571027705,45.40130185791459,8.0
qpc,49,2,0.38228945068690284,0.1907271716293287,50.10922449295225,8.0
qpc,50,2,0.4789846924176953,0.12622920444773958,73.64650552597153,8.0
qpc,51,2,0.42268096454110643,0.1829579281639981,56.71488817514394,14.0
qpc,52,2,0.4677761136826522,0.2970885985598622,36.48914729292645,16.0
qpc,53,2,0.4079857333390199,0.24620165578149927,39.654346791358144,10.0
qpc,54,2,0.339052088214015,0.22864204799216542,32.564329806503665,202.0
qpc,55,2,0.3833595682443296,0.2639840245222524,31.139315047953787,5.0
qpc,56,2,0.4475394045656943,0.19169912477820908,57.165978498755955,8.0
qpc,57,2,0.45088023730005333,0.23596390266437836,47.66594693141356,11.0
qpc,58,2,0.3594046340694129,0.20033789411141026,44.258399831116705,6.0
qpc,59,2,0.41324272821467284,0.2699620942687598,34.67226987028338,7.0
qpc,60,2,0.34448476872736455,0.27394111513025426,20.478018188647585,13.0
qpc,61,2,0.5351177922428132,0.28689276466992164,46.386988280191176,8.0
qpc,62,2,0.4238117802086161,0.3004881633935214,29.098676009994385,8.0
qpc,63,2,0.46533883368048734,0.25702389317365887,44.76629187794424,6.0
qpc,64,2,0.33663098925794355,0.19764448556294598,41.28749524854325,7.0
qpc,65,2,0.41401961433399126,0.20856436938438191,49.62451966922219,8.0
qpc,66,2,0.4378219821874718,0.23174857824423084,47.067852306922774,14.0
qpc,67,2,0.4658865859235151,0.2198783751639068,52.804312936366806,7.0
qpc,68,2,0.3932595097665841,0.2763317787452994,29.7329697356044,11.0
qpc,69,2,0.4015434255849945,0.2362236199961401,41.17109011260881,10.0
qpc,70,2,0.48887933696525576,0.2280620906007021,53.350024565077845,10.0
qpc,71,2,0.4019989701586305,0.30589664084185103,23.906113311399057,11.0
qpc,42,5,0.40258709978027546,0.23033909512190218,42.78527671462474,4.0
qpc,43,5,0.38316876859405213,0.048905549301894585,87.23655127704117,3.0
qpc,44,5,0.4439462774597136,0.16705726399702286,62.36993697684904,3.0
qpc,45,5,0.5241948819023889,0.23130705607147786,55.8738430959061,3.0
qpc,46,5,0.41650369051155334,0.12432878963851016,70.14941464604827,3.0
qpc,47,5,0.3307438250337732,0.16211330420494016,50.985236326517565,4.0
qpc,48,5,0.41724759903601094,0.1968559958629164,52.8203406519958,4.0
qpc,49,5,0.38228945068690284,0.11115788156899108,70.9231103894546,3.0
qpc,50,5,0.4789846924176953,0.2146314728499453,55.190327322031116,3.0
qpc,51,5,0.42268096454110643,0.19775496240079973,53.21413098990699,4.0
qpc,52,5,0.4677761136826522,0.1775490502968201,62.044010990849216,4.0
qpc,53,5,0.4079857333390199,0.19314340091387455,52.65927577095445,4.0
qpc,54,5,0.339052088214015,0.05778548087511782,82.95675417322819,5.0
qpc,55,5,0.3833595682443296,0.08508810025018033,77.80462330968861,2.0
qpc,56,5,0.4475394045656943,0.19596918195033827,56.21185979354988,3.0
qpc,57,5,0.45088023730005333,0.20741886352761876,53.996905082893456,4.0
qpc,58,5,0.3594046340694129,0.2095484480468857,41.695674406241814,3.0
qpc,59,5,0.41324272821467284,0.05285151835712467,87.21053880719005,3.0
qpc,60,5,0.34448476872736455,0.2077649713943868,39.68819806984902,4.0
qpc,61,5,0.5351177922428132,0.1436799469817635,73.14984680670685,4.0
qpc,62,5,0.4238117802086161,0.08971923944049089,78.8304045261961,3.0
qpc,63,5,0.46533883368048734,0.0927019711135848,80.07860844529556,3.0
qpc,64,5,0.33663098925794355,0.20988715857122076,37.650672318110715,3.0
qpc,65,5,0.41401961433399126,0.0828469858243736,79.98959881220975,3.0
qpc,66,5,0.4378219821874718,0.20532391258838203,53.10333401659491,5.0
qpc,67,5,0.4658865859235151,0.20344913433623446,56.33075935574697,3.0
qpc,68,5,0.3932595097665841,0.19333186280891354,50.8386045327514,4.0
qpc,69,5,0.4015434255849945,0.14001481389159975,65.13084140585366,4.0
qpc,70,5,0.48887933696525576,0.22765302197197276,53.43369932852124,4.0
qpc,71,5,0.4019989701586305,0.19091333223361945,52.50899967273941,5.0
qpc,42,10,0.40258709978027546,0.16237979214856266,59.665922669358615,2.0
qpc,43,10,0.38316876859405213,0.04250961230735992,88.90577317578911,2.0
qpc,44,10,0.4439462774597136,0.10159100271435302,77.11637468937398,2.0
qpc,45,10,0.5241948819023889,0.06357615916639307,87.87165587430674,2.0
qpc,46,10,0.41650369051155334,0.1598182620657536,61.62860841173736,2.0
qpc,47,10,0.3307438250337732,0.15408520626118824,53.41252213992078,2.0
qpc,48,10,0.41724759903601094,0.058836490696234096,85.89890251443816,2.0
qpc,49,10,0.38228945068690284,0.05117343025559407,86.61395699942938,2.0
qpc,50,10,0.4789846924176953,0.09548775744304934,80.064549252906,2.0
qpc,51,10,0.42268096454110643,0.1276999752606504,69.78809410088034,2.0
qpc,52,10,0.4677761136826522,0.07961991413343088,82.97905519232081,2.0
qpc,53,10,0.4079857333390199,0.06717838512000827,83.53413376242112,2.0
qpc,54,10,0.339052088214015,0.1537760929927747,54.64528951796079,129.0
qpc,55,10,0.3833595682443296,0.053979113398181996,85.91945581392687,1.0
qpc,56,10,0.4475394045656943,0.11816099982941411,73.59763215842835,2.0
qpc,57,10,0.45088023730005333,0.12392989496011778,72.51378864990161,2.0
qpc,58,10,0.3594046340694129,0.12790553652107184,64.41182878672369,2.0
qpc,59,10,0.41324272821467284,0.04980659586878346,87.9473751216477,2.0
qpc,60,10,0.34448476872736455,0.05571761438855674,83.82581192358803,2.0
qpc,61,10,0.5351177922428132,0.0822350099670468,84.6323536314539,2.0
qpc,62,10,0.4238117802086161,0.06840741712707758,83.85900998471423,2.0
qpc,63,10,0.46533883368048734,0.1472956451361853,68.34658221597685,2.0
qpc,64,10,0.33663098925794355,0.1539145218983055,54.2779699998539,2.0
qpc,65,10,0.41401961433399126,0.08584598012520453,79.26523837202741,1.0
qpc,66,10,0.4378219821874718,0.05162895955386319,88.2077735576657,2.0
qpc,67,10,0.4658865859235151,0.09888094198964871,78.7757482234352,2.0
qpc,68,10,0.3932595097665841,0.17398880356431415,55.75725462619232,2.0
qpc,69,10,0.4015434255849945,0.16735327308886225,58.322497038757106,2.0
qpc,70,10,0.48887933696525576,0.19332516621472634,60.45544337897313,2.0
qpc,71,10,0.4019989701586305,0.16273198144800313,59.519303896776556,84.0
qpc,42,20,0.40258709978027546,0.06483893116923257,83.8944339735127,73.0
qpc,43,20,0.38316876859405213,0.07516173694392506,80.38416929967612,51.0
qpc,44,20,0.4439462774597136,0.047986028298755305,89.19102811868721,61.0
qpc,45,20,0.5241948819023889,0.09830218409837967,81.247015663025,21.0
qpc,46,20,0.41650369051155334,0.062461008069129006,85.00349228780809,75.0
qpc,47,20,0.3307438250337732,0.0826208951952439,75.0196711346592,107.0
qpc,48,20,0.41724759903601094,0.06656986250572398,84.04547739531064,32.0
qpc,49,20,0.38228945068690284,0.06279910993674295,83.57288964581558,69.0
qpc,50,20,0.4789846924176953,0.06304694225395521,86.8373784690857,1.0
qpc,51,20,0.42268096454110643,0.05880798861223362,86.08690867447038,47.0
qpc,52,20,0.4677761136826522,0.05838128146994283,87.51939661682901,34.0
qpc,53,20,0.4079857333390199,0.07942524748390117,80.53234684608397,49.0
qpc,54,20,0.339052088214015,0.06456610588952624,80.95687708940724,61.0
qpc,55,20,0.3833595682443296,0.060673073764348946,84.17332478690615,1.0
qpc,56,20,0.4475394045656943,0.10940165207346152,75.55485596187263,1.0
qpc,57,20,0.45088023730005333,0.054096216001271465,88.00208757757743,56.0
qpc,58,20,0.3594046340694129,0.06262386211530191,82.5756664831408,49.0
qpc,59,20,0.41324272821467284,0.05711914980525128,86.17782094992393,86.0
qpc,60,20,0.34448476872736455,0.0593660967362373,82.7666991038372,83.0
qpc,61,20,0.5351177922428132,0.08938294462700717,83.29658517755861,1.0
qpc,62,20,0.4238117802086161,0.04955868415760148,88.30644015293609,39.0
qpc,63,20,0.46533883368048734,0.08259815694386398,82.24988955025022,1.0
qpc,64,20,0.33663098925794355,0.06047250638633713,82.03596569655087,59.0
qpc,65,20,0.41401961433399126,0.06813629530323935,83.5427373621305,1.0
qpc,66,20,0.4378219821874718,0.05411013354753821,87.64106514771369,22.0
qpc,67,20,0.4658865859235151,0.07168274904709829,84.61369114008652,1.0
qpc,68,20,0.3932595097665841,0.05766111969424367,85.33764136346812,99.0
qpc,69,20,0.4015434255849945,0.05830744374803299,85.47916861966127,61.0
qpc,70,20,0.48887933696525576,0.06510372394978535,86.6830690055505,6.0
qpc,71,20,0.4019989701586305,0.0423100712193312,89.47507969917548,106.0
hebbian,42,1,0.40258709978027546,0.09328425956028465,76.82880062197783,12.0
hebbian,43,1,0.38316876859405213,0.13750717547345134,64.11315672255814,20.0
hebbian,44,1,0.4439462774597136,0.08911390776992346,79.9268712692359,11.0
hebbian,45,1,0.5241948819023889,0.10319474918492305,80.31366715935637,12.0
hebbian,46,1,0.41650369051155334,0.11508915480285195,72.36779470993439,16.0
hebbian,47,1,0.3307438250337732,0.16436677618620044,50.30390176765462,20.0
hebbian,48,1,0.41724759903601094,0.10184885042495583,75.59030880938259,8.0
hebbian,49,1,0.38228945068690284,0.16019575148860082,58.09569131432768,13.0
hebbian,50,1,0.4789846924176953,0.09331006118082459,80.51919765747874,16.0
hebbian,51,1,0.42268096454110643,0.11336971226662641,73.17842018513682,20.0
hebbian,52,1,0.4677761136826522,0.08138843017441885,82.60098628515388,18.0
hebbian,53,1,0.4079857333390199,0.19967961832873746,51.057205678608454,46.0
hebbian,54,1,0.339052088214015,0.2220788422888423,34.50008125339649,25.0
hebbian,55,1,0.3833595682443296,0.21194230300533892,44.71448724340694,17.0
hebbian,56,1,0.4475394045656943,0.17900233108875782,60.00300101787304,20.0
hebbian,57,1,0.45088023730005333,0.16914008949556977,62.48669258417511,16.0
hebbian,58,1,0.3594046340694129,0.253000323489904,29.605714699537998,
hebbian,59,1,0.41324272821467284,0.16363640547163405,60.40186691763694,14.0
hebbian,60,1,0.34448476872736455,0.17203518022018602,50.06014899998677,283.0
hebbian,61,1,0.5351177922428132,0.08978265983841834,83.22188850007835,16.0
hebbian,62,1,0.4238117802086161,0.19613551495098483,53.72107994392239,24.0
hebbian,63,1,0.46533883368048734,0.14140224033813095,69.61305824838571,7.0
hebbian,64,1,0.33663098925794355,0.10112124962228604,69.96080193175504,12.0
hebbian,65,1,0.41401961433399126,0.11218881536435137,72.90253614075198,13.0
hebbian,66,1,0.4378219821874718,0.10330238404241565,76.40539117604597,26.0
hebbian,67,1,0.4658865859235151,0.1922126261937683,58.742614189513496,15.0
hebbian,68,1,0.3932595097665841,0.10436177680973104,73.46236410870925,12.0
hebbian,69,1,0.4015434255849945,0.2009031966453096,49.9672553839922,18.0
hebbian,70,1,0.48887933696525576,0.06307253315373743,87.09854796783527,14.0
hebbian,71,1,0.4019989701586305,0.13450076908028136,66.54201153122189,15.0
hebbian,42,2,0.40258709978027546,0.06298153693498652,84.35579854164213,5.0
hebbian,43,2,0.38316876859405213,0.08309376528122751,78.31405581772215,8.0
hebbian,44,2,0.4439462774597136,0.06395527577649869,85.59391552003667,5.0
hebbian,45,2,0.5241948819023889,0.0614528388860087,88.27671902041732,6.0
hebbian,46,2,0.41650369051155334,0.09521665869034551,77.13906002287769,6.0
hebbian,47,2,0.3307438250337732,0.10929214609202868,66.95565031913489,8.0
hebbian,48,2,0.41724759903601094,0.08931538588747866,78.59415222668059,5.0
hebbian,49,2,0.38228945068690284,0.09067020665338967,76.28231527433671,5.0
hebbian,50,2,0.4789846924176953,0.077132898514979,83.8965838082116,6.0
hebbian,51,2,0.42268096454110643,0.08439837957555725,80.03260457513474,6.0
hebbian,52,2,0.4677761136826522,0.09211175481084603,80.30858093935589,10.0
hebbian,53,2,0.4079857333390199,0.09006695896403466,77.923993021297,6.0
hebbian,54,2,0.339052088214015,0.07410512285921422,78.14344006858383,6.0
hebbian,55,2,0.3833595682443296,0.09976230604721179,73.97683159335429,4.0
hebbian,56,2,0.4475394045656943,0.08564767860599722,80.8625390899127,6.0
hebbian,57,2,0.45088023730005333,0.05417804201186933,87.9839395187741,7.0
hebbian,58,2,0.3594046340694129,0.054296593639673076,84.89262839354859,4.0
hebbian,59,2,0.41324272821467284,0.07901339830209636,80.87966395840603,5.0
hebbian,60,2,0.34448476872736455,0.07134426532753295,79.28957335585513,8.0
hebbian,61,2,0.5351177922428132,0.059518569305015694,88.87748264628645,5.0
hebbian,62,2,0.4238117802086161,0.07087672011086675,83.27636856248343,6.0
hebbian,63,2,0.46533883368048734,0.07947275615771791,82.92152934472566,5.0
hebbian,64,2,0.33663098925794355,0.07243371455347106,78.48275504488129,5.0
hebbian,65,2,0.41401961433399126,0.09588409318303455,76.84068825162363,6.0
hebbian,66,2,0.4378219821874718,0.07719644553301475,82.36807454314621,9.0
hebbian,67,2,0.4658865859235151,0.0813266698341153,82.54367644586644,6.0
hebbian,68,2,0.3932595097665841,0.08392243161561093,78.65978329032085,6.0
hebbian,69,2,0.4015434255849945,0.08696589462514948,78.34209475638858,6.0
hebbian,70,2,0.48887933696525576,0.058702649463778706,87.99240527771566,6.0
hebbian,71,2,0.4019989701586305,0.06187985601006263,84.60696155872127,7.0
hebbian,42,5,0.40258709978027546,0.08702775027860984,78.38287656854679,3.0
hebbian,43,5,0.38316876859405213,0.0761227822879176,80.13335414385878,3.0
hebbian,44,5,0.4439462774597136,0.09556909590349605,78.47282413305773,2.0
hebbian,45,5,0.5241948819023889,0.08143328147583545,84.46507505370889,2.0
hebbian,46,5,0.41650369051155334,0.08349179352257784,79.9541287569307,2.0
hebbian,47,5,0.3307438250337732,0.07797427823328187,76.42457021674714,3.0
hebbian,48,5,0.41724759903601094,0.09445796103253166,77.3616525893108,3.0
hebbian,49,5,0.38228945068690284,0.094909520803604,75.17338743377059,2.0
hebbian,50,5,0.4789846924176953,0.08105072803376191,83.0786391889363,2.0
hebbian,51,5,0.42268096454110643,0.11133208644849794,73.66049200503547,2.0
hebbian,52,5,0.4677761136826522,0.07051928657240027,84.92456444233024,3.0
hebbian,53,5,0.4079857333390199,0.06812433490638282,83.30227521711544,3.0
hebbian,54,5,0.339052088214015,0.09393771770598701,72.29401588386854,3.0
hebbian,55,5,0.3833595682443296,0.08180360152495463,78.66139042789769,2.0
hebbian,56,5,0.4475394045656943,0.09461671173741609,78.85846234495597,2.0
hebbian,57,5,0.45088023730005333,0.07050369784700207,84.36309866469418,3.0
hebbian,58,5,0.3594046340694129,0.07575062268031367,78.92330384763939,2.0
hebbian,59,5,0.41324272821467284,0.08096806551355802,80.40665691484439,2.0
hebbian,60,5,0.34448476872736455,0.06982627959839673,79.73022730254314,3.0
hebbian,61,5,0.5351177922428132,0.10208871439331932,80.92219771548992,2.0
hebbian,62,5,0.4238117802086161,0.07046628703357852,83.37321180669109,3.0
hebbian,63,5,0.46533883368048734,0.08343370499292985,82.07033263632208,2.0
hebbian,64,5,0.33663098925794355,0.0691331622479896,79.46322101824788,2.0
hebbian,65,5,0.41401961433399126,0.10284720993283931,75.15885567443863,2.0
hebbian,66,5,0.4378219821874718,0.09499526069674301,78.3027658359861,3.0
hebbian,67,5,0.4658865859235151,0.10356534716262557,77.77026634983906,2.0
hebbian,68,5,0.3932595097665841,0.07819479995115046,80.11623418908233,2.0
hebbian,69,5,0.4015434255849945,0.0708426266966459,82.35741835557691,3.0
hebbian,70,5,0.48887933696525576,0.10564326283301965,78.39072858165662,3.0
hebbian,71,5,0.4019989701586305,0.06385140763435487,84.11652457488664,3.0
hebbian,42,10,0.40258709978027546,0.08193353350093412,79.64824666621163,2.0
hebbian,43,10,0.38316876859405213,0.08189496544789035,78.62692052163209,1.0
hebbian,44,10,0.4439462774597136,0.106241655806608,76.06880354656222,1.0
hebbian,45,10,0.5241948819023889,0.09894244775264167,81.12487336893422,1.0
hebbian,46,10,0.41650369051155334,0.07872705075667502,81.0981144824955,1.0
hebbian,47,10,0.3307438250337732,0.10686129656188656,67.6906147677966,1.0
hebbian,48,10,0.41724759903601094,0.09669287245666178,76.82602064576132,2.0
hebbian,49,10,0.38228945068690284,0.07957036531713135,79.18583283578496,1.0
hebbian,50,10,0.4789846924176953,0.13448358423143614,71.92319788913825,1.0
hebbian,51,10,0.42268096454110643,0.10757052251282533,74.5504218223757,1.0
hebbian,52,10,0.4677761136826522,0.08827320201684027,81.129177092457,2.0
hebbian,53,10,0.4079857333390199,0.09316872951003545,77.16372855797485,2.0
hebbian,54,10,0.339052088214015,0.07339788364406222,78.35203315493744,2.0
hebbian,55,10,0.3833595682443296,0.13577151888319797,64.58376674801929,1.0
hebbian,56,10,0.4475394045656943,0.10594659471574781,76.32686783891988,1.0
hebbian,57,10,0.45088023730005333,0.08504394443615522,81.13824084519369,2.0
hebbian,58,10,0.3594046340694129,0.12997182166976454,63.83690989230186,1.0
hebbian,59,10,0.41324272821467284,0.09167118044190305,77.81662587556015,1.0
hebbian,60,10,0.34448476872736455,0.07282709309928496,78.85912536326897,2.0
hebbian,61,10,0.5351177922428132,0.17794281308220586,66.74698250334701,2.0
hebbian,62,10,0.4238117802086161,0.08306449398115491,80.40061700496682,2.0
hebbian,63,10,0.46533883368048734,0.09834232370677469,78.86651261641772,1.0
hebbian,64,10,0.33663098925794355,0.07128563895932326,78.82380373938163,1.0
hebbian,65,10,0.41401961433399126,0.10824424270783725,73.85528632937756,1.0
hebbian,66,10,0.4378219821874718,0.09473651122564224,78.36186507760206,2.0
hebbian,67,10,0.4658865859235151,0.0786355651478255,83.12130730444873,1.0
hebbian,68,10,0.3932595097665841,0.07445892183710077,81.06621200812276,1.0
hebbian,69,10,0.4015434255849945,0.11109152847181915,72.33386941649616,2.0
hebbian,70,10,0.48887933696525576,0.15281422281406992,68.74193461260354,2.0
hebbian,71,10,0.4019989701586305,0.11235394140916026,72.05118675681558,2.0
hebbian,42,20,0.40258709978027546,0.1407281671860364,65.04404456505357,1.0
hebbian,43,20,0.38316876859405213,0.12579229104361092,67.17052605691842,1.0
hebbian,44,20,0.4439462774597136,0.11083443681000577,75.03426823529034,1.0
hebbian,45,20,0.5241948819023889,0.1753510769549296,66.54849503326857,1.0
hebbian,46,20,0.41650369051155334,0.09391604736495239,77.45132888267955,1.0
hebbian,47,20,0.3307438250337732,0.135492173403074,59.03410339127616,1.0
hebbian,48,20,0.41724759903601094,0.13937760594388804,66.59594776197648,1.0
hebbian,49,20,0.38228945068690284,0.13554463923043208,64.54397604043646,1.0
hebbian,50,20,0.4789846924176953,0.15633022079516296,67.36216767052,1.0
hebbian,51,20,0.42268096454110643,0.19431804292482976,54.02725477931192,1.0
hebbian,52,20,0.4677761136826522,0.17233333207627022,63.15901410195044,1.0
hebbian,53,20,0.4079857333390199,0.15062580262816908,63.08062014928226,1.0
hebbian,54,20,0.339052088214015,0.11413681351761315,66.33649592933102,1.0
hebbian,55,20,0.3833595682443296,0.20530787033056794,46.44509037016719,1.0
hebbian,56,20,0.4475394045656943,0.1205781573994153,73.05753277380616,1.0
hebbian,57,20,0.45088023730005333,0.08276270048642644,81.64419425831937,1.0
hebbian,58,20,0.3594046340694129,0.19484836910823297,45.78579388305791,1.0
hebbian,59,20,0.41324272821467284,0.1256173727979013,69.60203671565996,1.0
hebbian,60,20,0.34448476872736455,0.11142448951529117,67.65474133241699,1.0
hebbian,61,20,0.5351177922428132,0.15362666954811388,71.29105558157094,1.0
hebbian,62,20,0.4238117802086161,0.0911391611214926,78.49536860994507,1.0
hebbian,63,20,0.46533883368048734,0.16408118888853102,64.73941631074078,1.0
hebbian,64,20,0.33663098925794355,0.09705718388169803,71.16807810960982,1.0
hebbian,65,20,0.41401961433399126,0.14629931577157965,64.66367517226868,1.0
hebbian,66,20,0.4378219821874718,0.15282067567142732,65.09524832264115,1.0
hebbian,67,20,0.4658865859235151,0.12151029520621513,73.91848169112912,1.0
hebbian,68,20,0.3932595097665841,0.11219268443922996,71.47108165144664,1.0
hebbian,69,20,0.4015434255849945,0.12748808652831994,68.25048589885714,1.0
hebbian,70,20,0.48887933696525576,0.11755022393669057,75.95516622437148,1.0
hebbian,71,20,0.4019989701586305,0.1918988664576826,52.2638412775141,1.0
anti_hebbian,42,1,0.40258709978027546,0.14076533594838117,65.03481208781696,13.0
anti_hebbian,43,1,0.38316876859405213,0.1607764278383753,58.04030990617876,19.0
anti_hebbian,44,1,0.4439462774597136,0.13024315641216724,70.66240601060423,11.0
anti_hebbian,45,1,0.5241948819023889,0.1610471931408335,69.2772290037692,12.0
anti_hebbian,46,1,0.41650369051155334,0.12619919567381588,69.70034154587754,16.0
anti_hebbian,47,1,0.3307438250337732,0.2574154012495146,22.170761246040136,21.0
anti_hebbian,48,1,0.41724759903601094,0.13263916653071794,68.2109215638002,9.0
anti_hebbian,49,1,0.38228945068690284,0.24670340721896655,35.46685455858473,14.0
anti_hebbian,50,1,0.4789846924176953,0.16470809403128697,65.61307769567418,15.0
anti_hebbian,51,1,0.42268096454110643,0.16109494178988346,61.88734404806235,20.0
anti_hebbian,52,1,0.4677761136826522,0.10464173974166326,77.6299523039233,18.0
anti_hebbian,53,1,0.4079857333390199,0.2813664729346886,31.03521767000508,
anti_hebbian,54,1,0.339052088214015,0.2837277830708596,16.31734682260203,
anti_hebbian,55,1,0.3833595682443296,0.3403980029355697,11.206597895941616,
anti_hebbian,56,1,0.4475394045656943,0.2017901057294304,54.911209231899115,21.0
anti_hebbian,57,1,0.45088023730005333,0.24650126256428354,45.32888288908502,17.0
anti_hebbian,58,1,0.3594046340694129,0.31305656901780665,12.895789496875242,
anti_hebbian,59,1,0.41324272821467284,0.3325173429289772,19.534617253751186,15.0
anti_hebbian,60,1,0.34448476872736455,0.2188667140148784,36.465488786792775,
anti_hebbian,61,1,0.5351177922428132,0.13777527143126217,74.25328153380747,16.0
anti_hebbian,62,1,0.4238117802086161,0.25841722041904713,39.0254748719244,27.0
anti_hebbian,63,1,0.46533883368048734,0.20081103971655928,56.84627519085568,7.0
anti_hebbian,64,1,0.33663098925794355,0.13097800161216794,61.09151985653762,12.0
anti_hebbian,65,1,0.41401961433399126,0.1302725438526988,68.53469271926633,13.0
anti_hebbian,66,1,0.4378219821874718,0.14639137528510435,66.56372195984879,29.0
anti_hebbian,67,1,0.4658865859235151,0.3753811306658722,19.426499494128223,16.0
anti_hebbian,68,1,0.3932595097665841,0.13577873957889036,65.47350128685237,13.0
anti_hebbian,69,1,0.4015434255849945,0.2260911497591766,43.694471045119876,20.0
anti_hebbian,70,1,0.48887933696525576,0.08491251070053737,82.63119254995797,15.0
anti_hebbian,71,1,0.4019989701586305,0.19100593234104185,52.48596476113605,15.0
anti_hebbian,42,2,0.40258709978027546,0.07439253599466927,81.52138107871035,5.0
anti_hebbian,43,2,0.38316876859405213,0.21978935104550093,42.63902252473072,8.0
anti_hebbian,44,2,0.4439462774597136,0.0657872769001033,85.18125272351827,5.0
anti_hebbian,45,2,0.5241948819023889,0.083253992394465,84.11774031590643,6.0
anti_hebbian,46,2,0.41650369051155334,0.10315764921381364,75.23247655090053,6.0
anti_hebbian,47,2,0.3307438250337732,0.12066370909867398,63.51747184203585,8.0
anti_hebbian,48,2,0.41724759903601094,0.09227654362704442,77.8844638434743,5.0
anti_hebbian,49,2,0.38228945068690284,0.10172028827887868,73.3918139524629,5.0
anti_hebbian,50,2,0.4789846924176953,0.0859859389565732,82.04829082897085,6.0
anti_hebbian,51,2,0.42268096454110643,0.09068901228174932,78.5443348790954,6.0
anti_hebbian,52,2,0.4677761136826522,0.10557234396012558,77.43101007681042,10.0
anti_hebbian,53,2,0.4079857333390199,0.09849429912715534,75.85839624315723,6.0
anti_hebbian,54,2,0.339052088214015,0.08091634420066922,76.13453890613009,6.0
anti_hebbian,55,2,0.3833595682443296,0.11500805857525884,69.99995093328157,4.0
anti_hebbian,56,2,0.4475394045656943,0.08953566979501083,79.99379074075077,6.0
anti_hebbian,57,2,0.45088023730005333,0.09297696350122711,79.3787893525809,7.0
anti_hebbian,58,2,0.3594046340694129,0.057824594421783775,83.91100477279436,4.0
anti_hebbian,59,2,0.41324272821467284,0.09202140254412378,77.73187614415319,5.0
anti_hebbian,60,2,0.34448476872736455,0.07691112577252283,77.67357725084427,8.0
anti_hebbian,61,2,0.5351177922428132,0.05144582428233856,90.38607479921082,5.0
anti_hebbian,62,2,0.4238117802086161,0.17141608564390523,59.55372322130174,6.0
anti_hebbian,63,2,0.46533883368048734,0.08769559385072961,81.1544647677216,5.0
anti_hebbian,64,2,0.33663098925794355,0.09001128462626588,73.2611412797487,5.0
anti_hebbian,65,2,0.41401961433399126,0.11115024901853801,73.15338569228446,6.0
anti_hebbian,66,2,0.4378219821874718,0.08862907583867866,79.7568236761743,9.0
anti_hebbian,67,2,0.4658865859235151,0.11421566654313167,75.4842337182289,6.0
anti_hebbian,68,2,0.3932595097665841,0.09280695133566987,76.40058306771662,6.0
anti_hebbian,69,2,0.4015434255849945,0.09574758605966974,76.1551105163337,6.0
anti_hebbian,70,2,0.48887933696525576,0.06298140935523888,87.11718729079465,6.0
anti_hebbian,71,2,0.4019989701586305,0.09248260266744404,76.99431851008225,7.0
anti_hebbian,42,5,0.40258709978027546,0.10441198817151336,74.06474568397758,3.0
anti_hebbian,43,5,0.38316876859405213,0.0993951206780735,74.05970193166303,3.0
anti_hebbian,44,5,0.4439462774597136,0.11715173028101546,73.61128221383801,2.0
anti_hebbian,45,5,0.5241948819023889,0.12227377954853047,76.67398447219117,2.0
anti_hebbian,46,5,0.41650369051155334,0.13779129174360458,66.91714986381798,2.0
anti_hebbian,47,5,0.3307438250337732,0.13234939882133545,59.98431752797777,3.0
anti_hebbian,48,5,0.41724759903601094,0.12432129506185546,70.20443128993877,3.0
anti_hebbian,49,5,0.38228945068690284,0.15307448048928546,59.95848689671159,2.0
anti_hebbian,50,5,0.4789846924176953,0.12515760216226923,73.87022922788388,2.0
anti_hebbian,51,5,0.42268096454110643,0.12882926186498034,69.52092176546279,2.0
anti_hebbian,52,5,0.4677761136826522,0.10810285402058233,76.89004400641089,3.0
anti_hebbian,53,5,0.4079857333390199,0.134737144624302,66.97503524900445,3.0
anti_hebbian,54,5,0.339052088214015,0.11578456290616408,65.85050883595235,3.0
anti_hebbian,55,5,0.3833595682443296,0.14655877816318222,61.76989168827143,2.0
anti_hebbian,56,5,0.4475394045656943,0.15520004481956523,65.32147935215313,2.0
anti_hebbian,57,5,0.45088023730005333,0.12349406743082073,72.61045013409237,3.0
anti_hebbian,58,5,0.3594046340694129,0.11940697428390613,66.7764511180886,2.0
anti_hebbian,59,5,0.41324272821467284,0.11848269696973054,71.32854642558145,2.0
anti_hebbian,60,5,0.34448476872736455,0.14468556020385073,57.99943180699546,3.0
anti_hebbian,61,5,0.5351177922428132,0.11337091337433593,78.8138396783314,2.0
anti_hebbian,62,5,0.4238117802086161,0.12548763701402732,70.3907152009183,3.0
anti_hebbian,63,5,0.46533883368048734,0.1692652927001138,63.62536705536693,2.0
anti_hebbian,64,5,0.33663098925794355,0.13460374489306776,60.01445226721904,2.0
anti_hebbian,65,5,0.41401961433399126,0.16160920210478896,60.96581019120071,2.0
anti_hebbian,66,5,0.4378219821874718,0.13477525833748188,69.21688178740824,3.0
anti_hebbian,67,5,0.4658865859235151,0.1272764023381537,72.68081842582848,2.0
anti_hebbian,68,5,0.3932595097665841,0.1420339694007159,63.88289008318731,2.0
anti_hebbian,69,5,0.4015434255849945,0.13262626353762172,66.97087909124568,3.0
anti_hebbian,70,5,0.48887933696525576,0.11994795428462994,75.46471179796364,3.0
anti_hebbian,71,5,0.4019989701586305,0.07885115559650314,80.38523442848917,3.0
anti_hebbian,42,10,0.40258709978027546,0.2623685731287739,34.829364062591736,2.0
anti_hebbian,43,10,0.38316876859405213,0.2399747660664683,37.371000526217365,1.0
anti_hebbian,44,10,0.4439462774597136,0.2510330747198815,43.45417734859557,1.0
anti_hebbian,45,10,0.5241948819023889,0.27302087809014686,47.91614960082986,1.0
anti_hebbian,46,10,0.41650369051155334,0.2482183234703029,40.404291936659895,1.0
anti_hebbian,47,10,0.3307438250337732,0.24653724446173672,25.459758942873055,1.0
anti_hebbian,48,10,0.41724759903601094,0.2651789573385248,36.44566009458612,2.0
anti_hebbian,49,10,0.38228945068690284,0.2645679369206246,30.793816976836442,1.0
anti_hebbian,50,10,0.4789846924176953,0.2636415272549009,44.958256197257725,1.0
anti_hebbian,51,10,0.42268096454110643,0.2572458270756367,39.139481392325834,1.0
anti_hebbian,52,10,0.4677761136826522,0.255013510383997,45.48385372302213,2.0
anti_hebbian,53,10,0.4079857333390199,0.27101054297733096,33.573524554562795,2.0
anti_hebbian,54,10,0.339052088214015,0.251467453546616,25.832206233785005,2.0
anti_hebbian,55,10,0.3833595682443296,0.23782462721893974,37.963038640693306,1.0
anti_hebbian,56,10,0.4475394045656943,0.27802602180319685,37.87675030023296,1.0
anti_hebbian,57,10,0.45088023730005333,0.25826371869776216,42.72010673071662,2.0
anti_hebbian,58,10,0.3594046340694129,0.2642178476733064,26.484574035214802,1.0
anti_hebbian,59,10,0.41324272821467284,0.2394085906915931,42.06586726258757,1.0
anti_hebbian,60,10,0.34448476872736455,0.2714008649525732,21.21542384726801,2.0
anti_hebbian,61,10,0.5351177922428132,0.2397097643889021,55.20429934048386,2.0
anti_hebbian,62,10,0.4238117802086161,0.24937174897212153,41.15978823208468,2.0
anti_hebbian,63,10,0.46533883368048734,0.27470020686306545,40.9677020311438,1.0
anti_hebbian,64,10,0.33663098925794355,0.2745089284488367,18.454052892173223,1.0
anti_hebbian,65,10,0.41401961433399126,0.289900451602186,29.979053753641203,1.0
anti_hebbian,66,10,0.4378219821874718,0.26378794859913496,39.749953330076714,2.0
anti_hebbian,67,10,0.4658865859235151,0.2744245195764936,41.096282256655044,1.0
anti_hebbian,68,10,0.3932595097665841,0.26359045368523826,32.97289775860979,1.0
anti_hebbian,69,10,0.4015434255849945,0.2464087776933637,38.634587944160856,2.0
anti_hebbian,70,10,0.48887933696525576,0.24867415216153507,49.13383868805072,2.0
anti_hebbian,71,10,0.4019989701586305,0.2461407065420125,38.77081166529249,2.0
anti_hebbian,42,20,0.40258709978027546,0.3111105934942568,22.7221652993712,1.0
anti_hebbian,43,20,0.38316876859405213,0.3114914717112592,18.706455942585286,1.0
anti_hebbian,44,20,0.4439462774597136,0.31166080422997317,29.79763091757084,1.0
anti_hebbian,45,20,0.5241948819023889,0.3120004274318512,40.480069874099,1.0
anti_hebbian,46,20,0.41650369051155334,0.3117583100346433,25.148728057669988,1.0
anti_hebbian,47,20,0.3307438250337732,0.31011151702650397,6.238153654164947,1.0
anti_hebbian,48,20,0.41724759903601094,0.31173169432552045,25.288558868707554,1.0
anti_hebbian,49,20,0.38228945068690284,0.31185758637762084,18.423700728003112,1.0
anti_hebbian,50,20,0.4789846924176953,0.31161414794807757,34.94277523250439,1.0
anti_hebbian,51,20,0.42268096454110643,0.31152817659779297,26.29708864793311,1.0
anti_hebbian,52,20,0.4677761136826522,0.3101753397938939,33.69149669657514,1.0
anti_hebbian,53,20,0.4079857333390199,0.3116115173940337,23.621957355284053,1.0
anti_hebbian,54,20,0.339052088214015,0.3112496216710002,8.200057604560595,1.0
anti_hebbian,55,20,0.3833595682443296,0.311541062075082,18.733980345959424,1.0
anti_hebbian,56,20,0.4475394045656943,0.31138963687719584,30.421850299555697,1.0
anti_hebbian,57,20,0.45088023730005333,0.31198690185722694,30.804928660112285,1.0
anti_hebbian,58,20,0.3594046340694129,0.3118462518629751,13.232545631910996,1.0
anti_hebbian,59,20,0.41324272821467284,0.31161352770487233,24.593100754335794,1.0
anti_hebbian,60,20,0.34448476872736455,0.3112816965702351,9.6384732131386,1.0
anti_hebbian,61,20,0.5351177922428132,0.31123583101542013,41.83788400849979,1.0
anti_hebbian,62,20,0.4238117802086161,0.31146530789951427,26.50857705130345,1.0
anti_hebbian,63,20,0.46533883368048734,0.31143860613210067,33.0727238754499,1.0
anti_hebbian,64,20,0.33663098925794355,0.31164235193754714,7.423154171123814,1.0
anti_hebbian,65,20,0.41401961433399126,0.311991538692839,24.643295174620828,1.0
anti_hebbian,66,20,0.4378219821874718,0.31054525195861543,29.070429399855378,1.0
anti_hebbian,67,20,0.4658865859235151,0.3117313865979403,33.08856790113347,1.0
anti_hebbian,68,20,0.3932595097665841,0.3112666427601621,20.849557345755777,1.0
anti_hebbian,69,20,0.4015434255849945,0.3117256698922613,22.36813006261549,1.0
anti_hebbian,70,20,0.48887933696525576,0.3121082814258207,36.15842236997593,1.0
anti_hebbian,71,20,0.4019989701586305,0.31078436545355054,22.69025830317085,1.0
