condition,learning_rule,learning_rule_label,n,mean,std,median,min,max
Online,gradient_descent,GD,30,65.99174570097759,7.486304080289747,66.07177374155656,50.2798758844317,78.29521211418124
Online,chl,CHL,30,44.637570121776506,12.737142105645443,45.877921862943545,12.875091629965072,63.72423405363965
Online,qpc,QPC,30,7.263570122338824,2.798215509063809,7.646203174926658,1.7511965729438916,11.396282469312736
Online,hebbian,Hebbian,30,72.11205014800116,6.192522974172722,72.13207492439517,58.49675564653361,85.0255263420505
Online,anti_hebbian,Anti-Hebbian,30,73.26279664645926,8.071946125333367,73.0079287556621,55.27994733802918,86.90852231856616
CLS,gradient_descent,GD,30,15.774972942812862,3.142951113582418,15.553310951296323,9.60018927841384,23.172990558227912
CLS,chl,CHL,30,39.01451441452393,14.26583724529914,38.45197607031787,5.343737981967934,62.70477778610708
CLS,qpc,QPC,30,4.881529718489913,1.8862223191485947,4.5770307642388435,1.805761207529255,9.6777068083573
CLS,hebbian,Hebbian,30,10.217898855511306,2.318861630928774,9.508641440463787,5.658312390859887,15.562837909423845
CLS,anti_hebbian,Anti-Hebbian,30,10.16192489864048,2.3057399358102795,9.447402876099495,5.631911120052191,15.4893322904045
Go-CLS,gradient_descent,GD,30,15.774972942812864,3.142951113582417,15.553310951296329,9.60018927841385,23.172990558227912
Go-CLS,chl,CHL,30,38.7857328164682,14.807983221743406,38.45197607031787,-0.16561411042426144,62.70477778610708
Go-CLS,qpc,QPC,30,4.881529718489914,1.886222319148594,4.577030764238849,1.805761207529255,9.6777068083573
Go-CLS,hebbian,Hebbian,30,10.21789885551131,2.3188616309287724,9.5086414404638,5.658312390859887,15.562837909423843
Go-CLS,anti_hebbian,Anti-Hebbian,30,10.161924898640482,2.305739935810279,9.447402876099497,5.631911120052191,15.489332290404501
