question,learning_rule,learning_rule_label,n_pairs,mean_diff,std_diff,wilcoxon_p,direction,bonferroni_p
Q1: CLS vs Go-CLS,gradient_descent,GD,30,-0.11812790249551165,1.7723705686442428,0.7921590935438871,B < A,1.0
Q1: CLS vs Go-CLS,chl,CHL,30,-4.324823072199437,5.671660316807914,0.00020912662148475647,B < A,0.003136899322271347
Q1: CLS vs Go-CLS,qpc,QPC,30,0.013769607830185542,0.6995282508264463,0.25343610532581806,B > A,1.0
Q1: CLS vs Go-CLS,hebbian,Hebbian,30,-0.02716908134565461,1.1747899998026865,0.5425279382616282,B < A,1.0
Q1: CLS vs Go-CLS,anti_hebbian,Anti-Hebbian,30,-0.04525466245650822,1.164345819054337,0.6408254038542509,B < A,1.0
Q2: Online vs CLS,gradient_descent,GD,30,-50.274636463559624,5.734599457228758,1.862645149230957e-09,B < A,2.7939677238464355e-08
Q2: Online vs CLS,chl,CHL,30,-5.830596164282893,8.389904282783776,0.0012321043759584427,B < A,0.01848156563937664
Q2: Online vs CLS,qpc,QPC,30,-2.403622094056963,2.319656101856569,1.3966113328933716e-05,B < A,0.00020949169993400574
Q2: Online vs CLS,hebbian,Hebbian,30,-61.93228954599989,4.990051482625764,1.862645149230957e-09,B < A,2.7939677238464355e-08
Q2: Online vs CLS,anti_hebbian,Anti-Hebbian,30,-63.138465487520094,6.762024715436975,1.862645149230957e-09,B < A,2.7939677238464355e-08
Q3: Online vs Go-CLS,gradient_descent,GD,30,-50.39276436605514,6.149564626890674,1.862645149230957e-09,B < A,2.7939677238464355e-08
Q3: Online vs Go-CLS,chl,CHL,30,-10.155419236482327,10.015444408304809,5.973502993583679e-06,B < A,8.960254490375519e-05
Q3: Online vs Go-CLS,qpc,QPC,30,-2.389852486226778,2.5992480505072133,0.00012333691120147705,B < A,0.0018500536680221558
Q3: Online vs Go-CLS,hebbian,Hebbian,30,-61.95945862734555,5.245291269388156,1.862645149230957e-09,B < A,2.7939677238464355e-08
Q3: Online vs Go-CLS,anti_hebbian,Anti-Hebbian,30,-63.18372014997662,7.126392097807818,1.862645149230957e-09,B < A,2.7939677238464355e-08
